Name,Possible Other Name,Associated School,School Address,State,Start Date,End Date,Currently Operating,BSDC_Housing,BSDC_Education,BSDC_Federal_Support,BSDC_Timeframe,ST_Government,ST_Tribal,ST_Boarding_School,ST_Day_School,ST_Contract,ST_Mission,ST_Sanatorium,ST_Dormitory,ST_Training,ST_Jail,ST_Reservation,ST_Nonreservation,ST_College,ST_Residential,ST_Grant,ST_Health,ST_Industrial_Shool,ST_Farm,ST_Orphanage,ST_Seminary,ST_State,ST_Normal,ST_Vocational,ST_Independent,ST_Private
Absentee Shawnee Boarding School,,,"Shawnee, Oklahoma",OK,1871,1917,N,Y,Y,Y,Y,Y,N,Y,N,N,N,N,N,N,N,N,N,N,N,N,N,N,N,N,N,N,N,N,N,N
Ah-Gwah-Ching Sanatorium and School,"Consolidated Chippewa Sanatorium, USPHS Minnesota State Indian Sanatorium, Minnesota Sanatorium for Consumptives",,"Onigum, Minnesota",MN,1907,2008,N,Y,Y,Y,Y,Y,N,N,N,N,N,Y,N,N,Y,N,N,N,N,N,N,N,N,N,N,N,N,N,N,N
Alamo Navajo School,"Alamo Boarding School, Alamo Navajo Day School, Alamo Navajo Community School, Alamo Navajo School Board, Inc.",,"Alamo, New Mexico",NM,1930,,Y,Y,Y,Y,Y,Y,N,Y,Y,N,N,N,N,N,N,N,N,N,N,N,N,N,N,N,N,N,N,N,N,N
Albuquerque Indian School,"ndian Pueblo Training School, Fisk Institute, Fiske Institute, Albuquerque Industrial Boarding School, Albuquerque Training School, Albuquerque Boarding School",Indian Pueblo Training School,"Albuquerque, New Mexico",NM,1882,1981,N,Y,Y,Y,Y,N,N,Y,N,Y,N,N,N,N,N,N,Y,N,N,N,N,N,N,N,N,N,N,N,N,N
American Indian Institute,Roe Indian Institute,,"Wichita, Kansas",KS,1915,1939,N,Y,Y,Y,Y,N,N,Y,N,N,Y,N,N,N,N,N,N,N,N,N,N,N,N,N,N,N,N,N,N,N
Anaheim Boarding School,,,"Anaheim, California",CA,1885,1885,Y,Y,Y,Y,Y,N,N,Y,N,Y,N,N,N,N,N,N,N,N,N,N,N,N,N,N,N,N,N,N,N,N
Aneth Boarding and Day School,Aneth Community School,,"Montezuma Creek, Utah",UT,1935,,BIE Operated,Y,Y,Y,Y,Y,N,Y,Y,N,N,N,N,N,N,N,N,N,N,N,N,N,N,N,N,N,N,N,N,N
Anvik Mission,Christ Church Mission,,"Anvik, Alaska",AK,1892,1960,N,Y,Y,Y,Y,N,N,Y,N,N,N,N,N,N,N,N,N,N,N,N,N,N,N,N,N,N,N,N,N,N
Arapaho Boarding and Day School,Northern Arapahoe Boarding School,Shoshone Boarding and Day School,"Fort Washakie, Wyoming",WY,1878,1881,N,Y,Y,Y,Y,Y,N,Y,N,N,N,N,N,N,N,Y,N,N,N,N,N,N,N,N,N,N,N,N,N,N
Arapaho Manual Labor and Boarding School,"Arapaho Industrial Boarding School, Arapaho Boarding School","Concho Indian Boarding School, Cheyenne Manual Labor and Boarding School","El Reno, Oklahoma",OK,1872,1909,N,Y,Y,Y,Y,Y,N,Y,N,N,N,N,N,N,N,N,N,N,N,N,N,N,N,N,N,N,N,N,N,N
Armstrong Academy,"Armstrong Male Orphan Academy, Armstrong Male Academy",,"Bokchito, Oklahoma",OK,1844,1921,N,Y,Y,Y,Y,N,Y,Y,N,N,N,N,N,N,N,N,N,N,N,N,N,N,N,N,N,N,N,N,N,N
Asbury Manual Labor School and Mission,Fort Mitchell,Eufaula Boarding School,"Fort Mitchell, Alabama",AL,1822,1830,N,Y,Y,Y,Y,N,N,Y,N,Y,Y,N,N,N,N,N,N,N,N,N,N,N,N,N,N,N,N,N,N,N
Asbury Manual Labor Schoo,,Eufaula Boarding School,"Eufaula, Oklahoma",OK,1847,1887,N,Y,Y,Y,Y,N,Y,Y,N,N,Y,N,N,N,N,N,N,N,N,N,N,N,N,N,N,N,N,N,N,N
Ascension Girls Boarding School,"Indian School at Iyakaptope, Indian School at Iyakaptapi",,"Spring Grove, South Dakota",SD,1960,1887,N,Y,Y,Y,Y,N,N,Y,Y,Y,Y,N,N,N,N,N,N,N,N,N,N,N,N,N,N,N,N,N,N,N
Baca Boarding and Day School,"Baca Community School, Baca/Thoreau (Dlo'Ay Azhi) Community School, Baca/Dlo'Ay Azhi Consolidated Community School, Baca/Dlo'Ay Azhi Community School",Thoreau Boarding School,"Prewitt, New Mexico",NM,1935,,Y,Y,Y,Y,Y,N,N,Y,Y,N,N,N,N,N,N,Y,N,N,N,N,N,N,N,N,N,N,N,N,N,N
Baraga Chippewa Boarding and Day School,"Chippewa Mission, Holy Name Boarding and Day School",,"Baraga, Michigan",MI,1884,1902,N,Y,Y,Y,Y,N,N,Y,Y,Y,N,N,N,N,N,N,N,N,N,N,N,N,N,N,N,N,N,N,N,N
Bayfield Mission Boarding and Day School,Holy Family Mission School,,"Bayfield, Wisconsin",WI,1880,1999,N,Y,Y,Y,Y,N,N,Y,Y,Y,Y,N,N,N,N,N,N,N,N,N,N,N,N,N,N,N,N,N,N,N
Beclabito Boarding School,Beclabito Day School,,"Beclabito, New Mexico",NM,1935,,Y,Y,Y,Y,Y,Y,N,Y,Y,N,N,N,N,N,N,N,N,N,N,N,N,N,N,N,N,N,N,N,N,N
Bena Boarding School,,,"Bena, Minnesota",MN,1901,1911,N,Y,Y,Y,Y,N,N,Y,N,N,N,N,N,N,N,Y,N,N,N,N,N,N,N,N,N,N,N,N,N,N
Bethel Mission School,,,"McCool, Mississippi",MS,1822,1827,N,Y,Y,Y,Y,N,N,Y,N,Y,Y,N,N,N,N,N,N,N,N,N,N,N,N,N,N,N,N,N,N,N
Bismarck Indian School,"Mandan Indian School, Bismarck Boarding School, Blamarck School",,"Bismarck, North Dakota",ND,1908,1937,N,Y,Y,Y,Y,Y,N,Y,N,N,N,N,N,N,N,N,Y,N,N,N,N,N,N,N,N,N,N,N,N,N
Blackfeet Agency Boarding and Day School,,Cut Bank Creek Boarding School,"Browning, Montana",MT,1883,1992,N,Y,Y,Y,Y,Y,N,Y,N,N,N,N,N,N,N,N,N,N,N,N,N,N,N,N,N,N,N,N,N,N
Cut Bank Creek Boarding School,"Cut Bank Boarding School, Cut Bank Creek Boarding and Day School, Blackfeet Boarding Dormitory and School, Blackfeet Dormitory",Blackfeet Agency Boarding and Day School,"Browning, Montana",MT,1902,,Y,Y,Y,Y,Y,Y,N,Y,N,N,N,N,Y,N,N,N,N,N,N,N,N,N,N,N,N,N,N,N,N,N
Bloomfield Female Academy,"Bloomfield Female Seminary, Bloomfield Academy for Girls, Hargrove College","Carter Seminary, Chickasaw Children's Village","Achille, Oklahoma",OK,1853,1914,N,Y,Y,Y,Y,N,Y,Y,Y,Y,Y,N,N,N,N,Y,N,N,N,N,N,N,N,N,N,N,N,N,N,N
Blue Canyon School,"Blue Cañon School, Blue Canyon Day School, Blue Canyon Boarding School, Western Navajo or Navaho Training School, Western Navajo or Navaho Boarding School",Tuba City Boarding School,"Blue Canyon, Arizona",AZ,1897,1903,N,Y,Y,Y,Y,Y,N,Y,Y,N,N,N,N,N,N,Y,N,N,N,N,N,N,N,N,N,N,N,N,N,N
Brainerd Mission School,"Brainard Mission School, Chickamauga Mission",,"Chattanooga, Tennessee",TN,1817,1838,N,Y,Y,Y,Y,N,N,Y,N,Y,Y,N,N,N,N,N,N,N,N,N,N,N,N,N,N,N,N,N,N,N
Burney Institute,"Lebanon Orphan School, Chickasaw Orphan Home and Manual Labor School, Burney Institute for Girls",,"Lebanon, Oklahoma",OK,1854,1910,N,Y,Y,Y,Y,N,Y,Y,N,N,N,N,N,N,N,N,N,N,N,N,N,N,N,N,N,N,N,N,N,N
C. L. Halls' Congregational Mission Home School - Village,"Charles Lemon Hall, Fort Berthold Mission Boarding and Day School, Fort Berthold Indian Mission School",C. L. Halls' Congregational Mission Home School - Elbowoods,"White Shield, North Dakota",ND,1876,1892,N,Y,Y,Y,Y,N,N,Y,N,Y,Y,N,N,N,N,N,N,N,N,N,N,N,N,N,N,N,N,N,N,N
C. L. Halls' Congregational Mission Home School - Elbowoods,"Charles Lemon Hall, Fort Berthold Mission Boarding and Day School, Fort Berthold Indian Mission School",C. L. Halls' Congregational Mission Home School - Village,"Elbowoods, North Dakota",ND,1892,1940,N,Y,Y,Y,Y,N,N,Y,N,Y,Y,N,N,N,N,N,N,N,N,N,N,N,N,N,N,N,N,N,N,N
Cache Creek Mission School,Cache Creek Boarding,,"Apache, Oklahoma",OK,1885,1910,N,Y,Y,Y,Y,Y,N,Y,N,N,Y,N,N,N,N,N,N,N,N,N,N,N,N,N,N,N,N,N,N,N
Canoncito Boarding School,"Canoncito School, TóHajiilee Community School",,"To'Hajiilee, New Mexico",NM,1935,,Y,Y,Y,Y,Y,N,N,Y,Y,N,N,N,N,N,N,Y,N,N,N,N,N,N,N,N,N,N,N,N,N,N
Cantonment Boarding School,,,"Canton, Oklahoma",OK,1889,1927,N,Y,Y,Y,Y,Y,N,Y,N,N,N,N,N,N,N,Y,N,N,N,N,N,N,N,N,N,N,N,N,N,N
Cantonment Boarding School,"Mennonite Boarding, Mennonite Manual Labor and Boarding School at Cantonment",,"Canton, Oklahoma",OK,1889,1927,N,Y,Y,Y,Y,Y,N,Y,N,N,N,N,N,N,N,Y,N,N,N,N,N,N,N,N,N,N,N,N,N,N
Carlisle Indian Industrial School,Carlisle Training School,,"Carlisle, Pennsylvania",PA,1879,1918,N,Y,Y,Y,Y,Y,N,Y,N,N,N,N,N,Y,N,N,Y,N,N,N,N,N,N,N,N,N,N,N,N,N
Carter Seminary,"Bloomfield Female Seminary, Carter Seminary Ardmore","Bloomfield Female Academy, Chickasaw Children's Village","Ardmore, Oklahoma",OK,1917,2000,N,Y,Y,Y,Y,N,Y,Y,Y,Y,Y,N,N,N,N,Y,N,N,N,N,N,N,N,N,N,N,N,N,N,N
Cass Lake Boarding School,,,"Cass Lake, Minnesota",MN,1901,1936,N,Y,Y,Y,Y,N,N,Y,N,N,N,N,N,N,N,Y,N,N,N,N,N,N,N,N,N,N,N,N,N,N
Castleton Academy,Castleton University,,"Castleton, Vermont",VT,1828,1831,N,Y,Y,Y,Y,N,N,Y,N,Y,N,N,N,N,N,N,N,N,N,N,N,N,N,N,N,N,N,N,N,N
Catholic Otchippewa Boarding School,Otchippewa Day and Orphan Boarding,,"Schoolcraft County, Michigan",MI,1883,1888,N,Y,Y,Y,Y,N,N,Y,N,Y,Y,N,N,N,N,N,N,N,N,N,N,N,N,N,N,N,N,N,N,N
Chamberlain Indian School,,St. Joseph's Indian School,"Chamberlain, South Dakota",SD,1898,1909,N,Y,Y,Y,Y,Y,N,Y,N,N,N,N,N,Y,N,N,Y,N,N,N,N,N,N,N,N,N,N,N,N,N
Charity Hall Mission School,,,"Amory, Mississippi",MS,1820,1830,N,Y,Y,Y,Y,N,N,Y,N,Y,Y,N,N,N,N,N,N,N,N,N,N,N,N,N,N,N,N,N,N,N
Charles H. Burke Indian School,"Fort Wingate Boarding School, Wingate Indian School","Manuelito Dormitory, Wingate High School, Wingate Elementary School","Fort Wingate, New Mexico",NM,1925,,BIE Operated,Y,Y,Y,Y,N,N,Y,Y,N,N,N,N,N,N,N,Y,N,N,N,N,N,N,N,N,N,N,N,N,N
Wingate High School,"Fort Wingate Vocational High School, Wingate Vocational High School, Wingate Vocational School",Charles H. Burke Indian School,"Fort Wingate, New Mexico",NM,1965,,Y,Y,Y,Y,Y,N,N,Y,Y,N,N,N,N,N,N,N,Y,N,N,N,N,N,N,N,N,N,N,N,N,N
Cheechilgeetho Boarding School,"Cheechilgeetho Day School, Chi Chil Tah Community School, Chichiltah-Jones Ranch Community School, Chi chil tah/Jones Ranch Community School",Jones Ranch Day School,"Vanderwagen, New Mexico",NM,1935,,Y,Y,Y,Y,Y,N,N,Y,Y,N,N,N,N,N,N,Y,N,N,N,N,N,N,N,N,N,N,N,N,N,N
Chehalis Boarding and Day School,"Chehalis School, Puyallup-Chehalis School",,"Oakville, Washington",WA,1891,1920,N,Y,Y,Y,Y,Y,N,Y,Y,N,N,N,N,N,N,Y,N,N,N,N,N,N,N,N,N,N,N,N,N,N
Cherokee Boarding School,"Eastern Cherokee School, Eastern Cherokee Training School, Cherokee Central",,"Cherokee, North Carolina",NC,1881,1954,N,Y,Y,Y,Y,N,N,Y,Y,Y,Y,N,N,Y,N,N,N,N,N,N,N,N,N,N,N,N,N,N,N,N
Cherokee Colored Boarding School,Cherokee Colored High School,,"Tahlequah, Oklahoma",OK,1879,1910,N,Y,Y,Y,Y,N,Y,Y,N,N,N,N,N,N,N,N,N,N,N,N,N,N,N,N,N,N,N,N,N,N
Cherokee Female Seminary - Park Hill,Cherokee Academy,Cherokee Female Seminary - Tahlequah,"Park Hill, Oklahoma",OK,1851,1889,N,Y,Y,Y,Y,N,Y,Y,N,N,N,N,N,N,N,N,N,N,N,N,N,N,N,N,N,N,N,N,N,N
Cherokee Female Seminary - Tahlequah,Cherokee Academy,Cherokee Female Seminary - Park Hill,"Tahlequah, Oklahoma",OK,1889,1910,N,Y,Y,Y,Y,Y,Y,N,N,N,N,N,N,N,N,N,N,N,N,N,N,N,N,N,N,N,N,N,N,N
Cherokee Male Seminary,,,"Tahlequah, Oklahoma",OK,1851,1910,N,Y,Y,Y,Y,N,Y,Y,N,N,N,N,N,N,N,N,N,N,N,N,N,N,N,N,N,N,N,N,N,N
Cherokee Orphan Training School,"Cherokee Indian Orphan Asylum and School, Cherokee Orphan Asylum, Cherokee Orphan Academy",,"Salina, Oklahoma",OK,1871,1923,N,Y,Y,Y,Y,N,Y,Y,N,N,N,N,N,N,N,N,N,N,N,N,N,N,N,N,N,N,N,N,N,N
Cheyenne and Arapaho Boarding School,Concho Indian Boarding School,"Arapaho Manual Labor and Boarding School, Cheyenne Manual Labor and Boarding School","El Reno, Oklahoma",OK,1909,1983,N,Y,Y,Y,Y,Y,N,Y,N,N,N,N,N,N,N,Y,N,N,N,N,N,N,N,N,N,N,N,N,N,N
Cheyenne Manual Labor and Boarding School,"Cheyenne Industrial School, Cheyenne Boarding School","Concho Indian Boarding School, Arapaho Manual Labor and Boarding School","Caddo Springs, Oklahoma",OK,1879,1909,N,Y,Y,Y,Y,Y,N,Y,N,N,N,N,N,N,N,Y,N,N,N,N,N,N,N,N,N,N,N,N,N,N
Cheyenne River Agency Boarding School,Forest City Boarding School,Cheyenne-Eagle Butte Boarding School,"Forest City, South Dakota",SD,1893,1959,N,Y,Y,Y,Y,Y,N,Y,N,N,N,N,N,N,N,Y,N,N,N,N,N,N,N,N,N,N,N,N,N,N
Cheyenne-Eagle Butte Boarding School,"Cheyenne River Community School, Cheyenne-Eagle Butte School",Cheyenne River Agency Boarding School,"Eagle Butte, South Dakota",SD,1959,,BIE Operated,Y,Y,Y,Y,N,N,Y,Y,N,N,N,N,N,N,Y,N,N,N,N,N,N,N,N,N,N,N,N,N,N
Chickasaw Manual Labor Academy,"Chickasaw Male Academy, Chickasaw Manual Labor Academy, McKendree Academy, Chickasaw Manual Labor Academy for Boys, Harley Academy",Harley Institute,"Tishomingo, Oklahoma",OK,1850,1888,N,Y,Y,Y,Y,N,Y,Y,N,N,N,N,N,N,N,N,N,N,N,N,N,N,N,N,N,N,N,N,N,N
Harley Institute,"Harley Academy, Robinson Academy",Chickasaw Manual Labor Academy,"Tishomingo, Oklahoma",OK,1889,1911,N,Y,Y,Y,Y,N,Y,Y,N,N,N,N,N,N,N,N,N,N,N,N,N,N,N,N,N,N,N,N,N,N
Chilocco Indian Agricultural School,"Haworth Institute, Chilocco Indian Industrial School, Chilocco Indian Agricultural School, Chilocco Indian School, Chilocco Training",,"Newkirk, Oklahoma",OK,1884,1980,N,Y,Y,Y,Y,Y,N,Y,N,N,N,N,N,N,N,N,Y,N,N,N,N,N,N,N,N,N,N,N,N,N
Chinle Boarding School,"Chinle School, Chin Lee",Many Farms Community School,"Chinle, Arizona",AZ,1910,1975,N,Y,Y,Y,Y,Y,N,Y,N,N,N,N,N,N,N,Y,N,N,N,N,N,N,N,N,N,N,N,N,N,N
Chinle Boarding School,"Chinle School, Chin Lee, Many Farms Elementary School Facility",Many Farms Community School,"Many Farms, Arizona",AZ,1976,2012,N,Y,Y,Y,Y,Y,N,Y,N,N,N,N,N,N,N,Y,N,N,N,N,N,N,N,N,N,N,N,N,N,N
Chishoktak Boarding and Day School,,,"Bennington, Oklahoma",OK,1904,1911,N,Y,Y,Y,Y,N,Y,Y,Y,Y,N,N,N,N,N,N,N,N,N,N,N,N,N,N,N,N,N,N,N,N
Choctaw Central Indian School,Choctaw Central Middle and High School*,,"Choctaw, Mississippi",MS,1963,,Y,Y,Y,Y,Y,Y,N,Y,N,N,N,N,N,N,N,N,N,N,N,N,N,N,N,N,N,N,N,N,N,N
Choctaw Indian Academy,,,"Georgetown, Kentucky",KY,1825,1845,N,Y,Y,Y,Y,N,N,Y,N,Y,Y,N,N,N,N,N,N,N,N,N,N,N,N,N,N,N,N,N,N,N
Chuska Boarding School,"Choshgai Boarding School, Ch'ooshgai_Chuska Community School, Chuska_Tohatchi Consolidated School Ch'Ooshgai Community School",Tohatchi Boarding School,"Tohatchi, New Mexico",NM,1965,,Y,Y,Y,Y,Y,N,N,Y,Y,N,N,N,N,N,N,Y,N,N,N,N,N,N,N,N,N,N,N,N,N,N
Colbert Institute,,Collins Institute,"Perryville, Oklahoma",OK,1854,1856,N,Y,Y,Y,Y,N,Y,Y,N,N,Y,N,N,N,N,N,N,N,N,N,N,N,N,N,N,N,N,N,N,N
Collins Institute,Colbert Institute,Colbert Institute,"Frisco, Oklahoma",OK,1856,1917,N,Y,Y,Y,Y,N,Y,Y,N,N,Y,N,N,N,N,N,N,N,N,N,N,N,N,N,N,N,N,N,N,N
Colorado River Boarding School,"Colorado River School, Colorado River Agency Boarding School",,"Parker, Arizona",AZ,1879,1934,N,Y,Y,Y,Y,Y,N,Y,Y,N,N,N,N,N,N,N,N,N,N,N,N,N,N,N,N,N,N,N,N,N
Colville Mission School,"Colville Boys' School, Colville Girls School, Colville Sanitarium",,"Kettle Falls, Washington",WA,1887,1911,N,Y,Y,Y,Y,N,N,Y,N,Y,Y,N,N,N,N,N,N,N,N,N,N,N,N,N,N,N,N,N,N,N
Copper Valley Boarding School,,,"Glennallen, Alaska",AK,1956,1971,N,Y,Y,Y,Y,N,N,Y,N,N,N,N,N,N,N,N,N,N,N,N,N,N,N,N,N,N,N,N,N,N
Covenant of our Lady of the Lake,Graceville,,"Graceville, Minnesota",MN,1885,1899,N,Y,Y,Y,Y,N,N,Y,N,Y,Y,N,N,N,N,N,N,N,N,N,N,N,N,N,N,N,N,N,N,N
Coweta Boarding School,Kowetah Mission Kowetah Manual Labor Boarding School,,"Coweta, Oklahoma",OK,1843,1909,N,Y,Y,Y,Y,N,Y,Y,N,N,N,N,N,N,N,N,N,N,N,N,N,N,N,N,N,N,N,N,N,N
Coyote Canyon Boarding and Day School,,,"Brimhall, New Mexico",NM,1935,1965,N,Y,Y,Y,Y,N,N,Y,Y,N,N,N,N,N,N,Y,N,N,N,N,N,N,N,N,N,N,N,N,N,N
Creek Orphan Home,Creek Orphan Asylum,,"Okmulgee, Oklahoma",OK,1891,1908,N,Y,Y,Y,Y,N,Y,Y,N,N,N,N,N,N,N,N,N,N,N,N,N,N,N,N,N,N,N,N,N,N
Cross Lake Indian Residential School,"Ponemah Boarding School, Crosslake Boarding School",,"Ponemah, Minnesota",MN,1901,1936,N,Y,Y,Y,Y,N,N,Y,N,N,N,N,N,N,N,Y,N,N,N,N,N,N,N,N,N,N,N,N,N,N
Crow Agency Boarding School - Absarokee,,Crow Agency Boarding School,"Absarokee, Montana",MT,1873,1883,N,Y,Y,Y,Y,Y,N,Y,N,N,N,N,N,N,N,N,N,N,N,N,N,N,N,N,N,N,N,N,N,N
Crow Agency Boarding School,"Crow Agency Public School, Crow Boarding School",Crow Agency Boarding School - Absarokee,"Crow Agency, Montana",MT,1883,1922,N,Y,Y,Y,Y,Y,N,Y,N,N,N,N,N,N,N,N,N,N,N,N,N,N,N,N,N,N,N,N,N,N
Crow Creek Agency Boarding School,"Crow Creek Industrial Boarding School, Fort Thompson Community School, Fort Thompson Indian School, Fort Thompson Vocational Day School, Fort Thompson Vocational Boarding and Day School, Victory No. 8 School District",,"Fort Thompson, South Dakota",SD,1880,1920,N,Y,Y,Y,Y,Y,N,Y,N,N,N,N,N,N,N,Y,N,N,N,N,N,Y,N,N,N,N,N,N,N,N
Crystal Boarding School,,,"Navajo, New Mexico",NM,1933,,Y,Y,Y,Y,Y,Y,N,Y,Y,N,N,N,N,N,N,N,N,N,N,N,N,N,N,N,N,N,N,N,N,N
Cushman Indian School,"Cushman Indian Trades School, Puyallup Indian School, Puyallup Boarding School",Puyallup Indian School,"Tacoma, Washington",WA,1869,1920,N,Y,Y,Y,Y,Y,N,Y,N,N,N,N,N,N,N,Y,N,N,N,N,N,N,N,N,N,N,N,N,N,N
Darlington Mission School,"Mennonite Boarding (Agency), Mennonite Manual Labor and Boarding School (Agency)",,"El Reno, Oklahoma",OK,1881,1902,N,Y,Y,Y,Y,Y,N,Y,N,N,Y,N,N,N,N,N,N,N,N,N,N,N,N,N,N,N,N,N,N,N
Dennehotso Boarding School,,,"Dennehotso, Arizona",AZ,1960,,BIE Operated,Y,Y,Y,Y,Y,N,Y,Y,N,N,N,N,N,N,Y,N,N,N,N,N,N,N,N,N,N,N,N,N,N
Dilcon Boarding School,Dilcon Community School,,"Winslow, Arizona",AZ,1953,,"Tribally controlled, BIE school",Y,Y,Y,Y,Y,N,Y,Y,N,N,N,N,N,N,Y,N,N,N,N,N,N,N,N,N,N,N,N,N,N
Douglas Island Friends Mission School,,Mayflower School,"Juneau, Alaska",AK,1892,1926,N,Y,Y,Y,Y,,,,,,,,,,,,,,,,,,,,,,,,,
Dwight Presbyterian Mission School,,Dwight Indian Training School,"Russellville, Arkansas",AR,1820,,N,Y,Y,Y,Y,,,,,,,,,,,,,,,,,,,,,,,,,
Dzilth-Na-O-Dith-Hle Community School,Dzilth-Na-O-Dith-Hle Community Grant School,,"Bloomfield, New Mexico",NM,1968,,Y,Y,Y,Y,Y,Y,N,Y,Y,N,N,N,N,N,N,N,N,N,N,N,N,N,N,N,N,N,N,N,N,N
Eklutna Industrial School,"Eklutna Orphanage, Eklutna Indian Vocational Industrial School, Eklutna Native School, Eklutna Vocational School",,"Eklutna, Alaska",AK,1924,1946,N,Y,Y,Y,Y,Y,N,N,N,N,N,N,N,N,N,N,N,N,N,N,N,N,N,N,N,N,N,N,N,N
El Meta Bond College,El Meta Christian College,,"Minco, Oklahoma",OK,1894,1920,N,Y,Y,Y,Y,N,N,Y,N,N,N,N,N,N,N,N,N,Y,N,N,N,N,N,N,N,N,N,N,N,N
Eliot School,"Elliot, Elliott, Eliott Mission School",,"Holcomb, Mississippi",MS,1818,1833,N,Y,Y,Y,Y,N,N,Y,N,Y,Y,N,N,N,N,N,N,N,N,N,N,N,N,N,N,N,N,N,N,N
Emahaka Academy,Emahaka Mission,Sasakwa Female Academy; Mekusukey Academy,"Wewoka, Oklahoma",OK,1894,1911,N,Y,Y,Y,Y,N,Y,Y,N,N,N,N,N,N,N,N,N,N,N,N,N,N,N,N,N,N,N,N,N,N
Emmaus Mission School,Emmaus Station School,,"Quitman, Mississippi",MS,1827,1832,N,Y,Y,Y,Y,N,N,Y,N,Y,Y,N,N,N,N,N,N,N,N,N,N,N,N,N,N,N,N,N,N,N
Euchee Boarding School,Yuchi Boarding School,,"Sapulpa, Oklahoma",OK,1894,1948,N,Y,Y,Y,Y,N,Y,Y,N,N,N,N,N,N,N,Y,N,N,N,N,N,N,N,N,N,N,N,N,N,N
Eufaula Boarding School,"Eufaula Dormitory, National High School at Eufaula, Eufaula High School",Asbury Manual Labor School and Mission,"Eufaula, Oklahoma",OK,1848,,Y,Y,Y,Y,Y,N,Y,Y,N,N,N,N,N,N,N,Y,N,N,N,N,N,N,N,N,N,N,N,N,N,N
First Mission House,Bethel Indian School,,"Bethel, Alaska",AK,1883,1945,N,Y,Y,Y,Y,N,N,Y,Y,N,N,N,N,N,N,N,N,N,N,N,N,N,N,N,N,N,N,N,N,N
Flandreau Indian School,"Flandreau Training, Riggs Institute",,"Flandreau, South Dakota",SD,1872,,BIE Operated,Y,Y,Y,Y,N,N,Y,N,N,N,N,N,Y,N,N,Y,N,N,N,N,N,N,N,N,N,N,N,N,N
Forest Grove Indian Training School,Forest Grove Manual Training School,Chemawa Indian Training School,"Forest Grove, Oregon",OR,1880,1885,N,Y,Y,Y,Y,Y,N,Y,N,N,N,N,N,Y,N,N,Y,N,N,N,N,N,N,N,N,N,N,N,N,N
Chemawa Indian Training School,Salem Indian School; United States Indian Training and Normal School; Salem Indian Industrial and Training School; Harrison Institute; Chemawa Indian School,Forest Grove Indian Training School,"Salem, Oregon",OR,1885,,Y,Y,Y,Y,Y,Y,N,Y,N,N,N,N,N,Y,N,N,Y,N,N,N,N,Y,N,N,N,N,Y,N,N,N
Fort Apache Boarding School,"White Mountain Apache Boarding School, Whiteriver School, Fort Apache Training School",,"Whiteriver, Arizona",AZ,1893,1970,N,Y,Y,Y,Y,Y,N,Y,Y,N,N,N,N,N,N,N,N,N,N,N,N,N,N,N,N,N,N,N,N,N
Fort Belknap Boarding and Day School,Ft Belknap Industrial School,,"Harlem, Montana",MT,1891,1934,N,Y,Y,Y,Y,N,N,Y,N,N,N,N,N,N,N,N,N,N,N,N,N,N,N,N,N,N,N,N,N,N
Fort Bennett Boarding School,Cheyenne River Agency Boarding School for Indian Boys,St. John's School for Girls,"North Stanley, South Dakota",SD,1880,1894,N,Y,Y,Y,Y,Y,N,Y,N,N,N,N,N,N,N,Y,N,N,N,N,N,N,N,N,N,N,N,N,N,N
Fort Berthold Agency Boarding School,"Fort Berthold Browning School, Fort Berthold Industrial School, Elbowoods Community School, Elbowoods High School",Fort Stevenson Boarding School,"Elbowoods, North Dakota",ND,1895,1953,N,Y,Y,Y,Y,Y,N,Y,Y,N,N,N,N,N,N,Y,N,N,N,N,N,N,N,N,N,N,N,N,N,N
Fort Bidwell Indian Boarding School,"Fort Bidwell Training School, Fort Bidwell Boarding School",,"Fort Bidwell, California",CA,1898,1932,N,Y,Y,Y,Y,N,N,Y,Y,N,N,N,N,N,N,Y,Y,N,N,N,N,N,N,N,N,N,N,N,N,N
Fort Coffee Academy,Fort Coffee Choctaw Boys Academy,New Hope Academy,"Fort Coffee, Choctaw Nation, Oklahoma",OK,1842,1861,N,Y,Y,Y,Y,N,Y,Y,N,N,Y,N,N,N,N,N,N,N,N,N,N,N,N,N,N,N,N,N,N,N
Fort Defiance Boarding School,"Navajo Indian Boarding School, Navajo Agency Boarding School, Navajo Industrial School, Navajo Training School, Navajo Agency School, Southern Navajo School",,"Fort Defiance, Arizona",AZ,1881,1959,N,Y,Y,Y,Y,Y,N,Y,Y,Y,N,N,N,N,N,Y,N,N,N,N,N,N,N,N,N,N,N,N,N,N
Fort Hall Boarding School,Lincoln Creek Boarding School,Lincoln Creek Day School,"Fort Hall, Idaho",ID,1874,1936,N,Y,Y,Y,Y,Y,N,Y,N,N,N,N,N,N,N,Y,N,N,N,N,N,N,N,N,N,N,N,N,N,N
Fort Lapwai Training School,"Fort Lapwai Sanatorium and Hospital, Fort Lapwai Industrial School",,"Fort Lapwai, Idaho",ID,1885,1909,N,Y,Y,Y,Y,Y,N,Y,N,N,N,Y,N,N,N,Y,N,N,N,N,N,N,N,N,N,N,N,N,N,N
Fort Lewis Indian Boarding School,"Fort Lewis High School, Fort Lewis A&M College, Old Fort, Fort Lewis College*",Fort Lewis High School,"Hesperus, Colorado",CO,1892,1956,N,Y,Y,Y,Y,N,N,Y,N,N,N,N,N,N,N,N,Y,N,N,N,N,N,N,N,N,N,N,N,N,N
Fort Mojave Indian Industrial School,"Fort Mojave Boarding School, Fort Mojave Training School, Fort Mohave, Fort Mojave School, Herbert Welsh Institute",,"Mohave Valley, AZ",AZ,1890,1931,N,Y,Y,Y,Y,Y,N,Y,N,N,N,N,N,N,N,N,Y,N,N,N,N,N,N,N,N,N,N,N,N,N
Fort Peck Agency Boarding School,Poplar Creek Boarding School,,"Poplar, Montana",MT,1881,1936,N,Y,Y,Y,Y,Y,N,Y,N,N,Y,N,N,N,N,Y,N,N,N,N,N,N,N,N,N,N,N,N,N,N
Fort Shaw Government Industrial Indian School,"Fort Shaw Training School, Fort Shaw Boarding School",,"Fort Shaw, Montana",MT,1892,1910,N,Y,Y,Y,Y,N,N,Y,N,N,N,N,N,Y,N,N,N,N,N,N,N,N,N,N,N,N,N,N,N,N
Fort Sill Indian School,Josiah Missionary School,,"Lawton, Oklahoma",OK,1871,1980,N,Y,Y,Y,Y,Y,N,Y,N,N,N,N,N,N,N,Y,N,N,N,N,N,N,N,N,N,N,N,N,N,N
Fort Simcoe Indian Boarding School,Yakama; Yakima Indian Boarding School; Yakima Agency Boarding School; Yakima Reservation School; Yakima School,Yakama; Yakima Indian Boarding School; Yakima Agency Boarding School,"White Swan, Washington",WA,1860,1922,N,Y,Y,Y,Y,Y,N,Y,N,N,N,N,N,N,N,Y,N,N,N,N,N,N,N,N,N,N,N,N,N,N
Fort Spokane Boarding School,Spokane School; Fort Spokane Indian School,,"Davenport, Washington",WA,1900,1914,N,Y,Y,Y,Y,Y,N,Y,N,N,N,N,N,N,N,Y,N,N,N,N,N,N,N,N,N,N,N,N,N,N
Fort Stevenson Boarding School,Fort Stephenson Industrial School,Fort Berthold Agency Boarding School,"Garrison, North Dakota",ND,1883,1894,N,Y,Y,Y,Y,Y,N,Y,N,N,N,N,N,N,N,N,Y,N,N,N,N,N,N,N,N,N,N,N,N,N
Fort Totten Indian Industrial School,"Whipple Institute, Fort Totten Bonded Industrial School, Tuberculosis Preventorium, Fort Totten Community School",Fort Totten Indian School,"Fort Totten, North Dakota",ND,1890,1959,N,Y,Y,Y,Y,Y,N,Y,N,N,N,N,N,N,N,Y,N,N,N,N,N,N,N,N,N,N,N,N,N,N
Fort Totten Indian School,,Fort Totten Indian Industrial School,"Fort Totten, North Dakota",ND,1874,1891,N,Y,Y,Y,Y,Y,N,Y,Y,N,N,N,N,Y,N,Y,N,N,N,N,N,N,N,N,N,N,N,N,N,N
Fort Wrangell Tlingit Industrial School,"Fort Wrangel Tlingit Academy, Fort Wrangle Training School, Tlingit Training Academy",,"Wrangell, Alaska",AK,1883,1888,N,Y,Y,Y,Y,N,N,N,N,N,N,N,N,N,N,N,N,N,N,N,N,N,N,N,N,N,N,N,N,N
Fort Yates Government School,"St. Peter Catholic Mission School, Fort Yates Industrial Boarding School",,"Fort Yates, North Dakota",ND,1887,1930,N,Y,Y,Y,Y,Y,N,Y,Y,Y,Y,N,N,N,N,N,N,N,N,N,N,N,N,N,N,N,N,N,N,N
Fort Yuma Indian Boarding School,,,"Winterhaven, California",CA,1884,1900,N,Y,Y,Y,Y,Y,N,Y,N,N,N,N,N,N,N,Y,N,N,N,N,N,N,N,N,N,N,N,N,N,N
Friends High School,"Kotzebue Friends High School, Kotzebue Friends School",,"Kotzebue, Alaska",AK,1887,,Y,Y,Y,Y,Y,N,N,Y,N,N,N,N,N,N,N,N,N,N,N,N,N,N,N,N,N,N,N,N,N,N
Ganado Navajo Presbyterian Mission School,"Kirkwook Memorial Training School, Ganado Mission School, Ganado Boarding School, Ganado Mission High School, Sage Memorial Hospital School of Nursing, College of Ganado",,"Ganado, Arizona",AZ,1902,1951,N,Y,Y,Y,Y,N,N,Y,Y,N,Y,N,N,N,N,N,N,N,N,N,N,N,N,N,N,N,N,N,N,N
Genoa Indian Industrial School,"Genoa Manual Training, Genoa Day School",,"Genoa, Nebraska",NE,1884,1934,N,Y,Y,Y,Y,N,N,N,N,N,N,N,N,N,N,N,N,N,N,N,N,N,N,N,N,N,N,N,N,N
Good Shepherd Industrial School,"Home of the Good Shepherd for Homeless Girls, E. M. Byers Home for Boys, Good Shepherd School",,"Denver, Colorado",CO,1886,1914,N,Y,Y,Y,Y,N,N,Y,N,Y,Y,N,N,N,N,N,N,N,N,N,N,N,N,N,N,N,N,N,N,N
Good Shepherd Industrial School,"House of the Good Shepherd, Good Shepard Industrial School",,"Wauwatosa, Wisconsin",WI,1878,1978,N,Y,Y,Y,Y,N,N,Y,N,N,Y,N,N,N,N,N,N,N,N,N,N,Y,N,N,N,N,N,N,N,N
Good Will Mission Boarding School,"Goodwill Mission Boarding School, Good-Will Mission School",,"Goodwill, South Dakota",SD,1889,1912,N,Y,Y,Y,Y,N,N,Y,N,N,Y,N,N,N,N,N,N,N,N,N,N,N,N,N,N,N,N,N,N,N
Grace Mission Home Boarding and Day School,"Grace Howard Mission Boarding and Day School, Grace Howard Boarding and Day School, Grace School",,"Crow Creek, South Dakota",SD,1887,1912,N,Y,Y,Y,Y,N,N,Y,N,Y,Y,N,N,N,N,N,N,N,N,N,N,N,N,N,N,N,N,N,N,N
Grand Junction Indian School,"Grand Junction School, Grand Junction Training, Teller Indian School, Teller Institute",,"Grand Junction, Colorado",CO,1886,1911,N,Y,Y,Y,Y,Y,N,Y,N,N,N,N,N,N,N,N,Y,N,N,N,N,N,N,N,N,N,N,N,N,N
Grand River Boarding School,"Grand River Day School, Little Eagle Day School, Marmot Day School",,"Little Eagle, South Dakota",SD,1893,1911,N,Y,Y,Y,Y,Y,N,Y,N,N,N,N,N,N,N,Y,N,N,N,N,N,N,N,N,N,N,N,N,N,N
Grand Ronde Boarding School,"Manual Training School at Grand Ronde, Grand Ronde Agency Schoolhouse",,"Grand Ronde, Oregon",OR,1862,1908,N,Y,Y,Y,Y,Y,N,Y,N,N,N,N,N,N,N,Y,N,N,N,N,N,N,N,N,N,N,N,N,N,N
Greasewood Boarding and Day School,"Greasewood School, Greasewood Toyei Consolidated Boarding School, Greasewood Springs Boarding and Day School, Greasewood Springs Community School*",Toyei Boarding School,"Ganado, Arizona",AZ,1935,,Y,Y,Y,Y,Y,N,N,Y,Y,N,N,N,N,N,N,N,N,N,N,N,N,N,N,N,N,N,N,N,N,N
Greenville Indian Industrial Boarding School,"Greenville Training School, Greenville Day School",,"Greenville, California",CA,1891,1923,,Y,Y,Y,Y,N,N,Y,Y,N,N,N,N,N,N,Y,Y,N,N,N,N,N,N,N,N,N,N,N,N,N
Haloche Indian Mission School,"Haloche Industrial Institute; Haloche Industrial Institute; The Industrial Institute for the Deaf, Blind and Orphans of the Colored Race; The Negro Institution at Taft",,"Taft, Oklahoma",OK,1906,,Y,Y,Y,Y,Y,N,N,N,N,N,Y,N,N,N,N,N,N,N,N,N,N,N,N,N,N,N,N,N,N,N
Halstead Mennonite Mission Boarding School,Halstead Indian Industrial School; Mennonite Orphan Home,Halstead Seminary,"Halstead, Kansas",KS,1880,1898,N,Y,Y,Y,Y,N,N,Y,N,Y,Y,N,N,N,N,N,N,N,N,N,N,N,N,Y,N,N,N,N,N,N
Halstead Seminary,Halstead Fortbildungs-Schule,Halstead Mennonite Mission Boarding School,"Halstead, Kansas",KS,1883,1880,N,Y,Y,TBD,Y,N,N,Y,N,Y,Y,N,N,N,N,N,N,N,N,N,N,N,N,N,N,N,N,N,N,N
Hampton Institute,"Butler School for Negro Children, Hampton Agricultural and Industrial School, Hampton Normal and Agricultural Institute, Hampton University*",,"Hampton, Virginia",VA,1878,,Y,Y,Y,Y,Y,N,N,Y,N,Y,Y,N,N,N,N,N,N,N,N,N,N,N,N,N,N,N,N,N,N,N
Hare Industrial School,"Bishop Hare Industrial School, Bishop Hare Mission Home",,"Mission, South Dakota",SD,1929,1970,N,Y,Y,Y,Y,N,N,Y,N,Y,Y,N,N,N,N,N,N,N,N,N,N,N,N,N,N,N,N,N,N,N
Harmony Mission School,"Osage Indian School and Trading Post, Osage Mission",,"Papinville, Missouri",MO,1821,1836,N,Y,Y,Y,Y,N,N,Y,Y,N,Y,N,N,N,N,N,N,N,N,N,N,N,N,N,N,N,N,N,N,N
Harrell International Institute,"Spaulding Female College, Spaulding Institute",,"Muskogee, Oklahoma",OK,1881,1899,N,Y,Y,Y,Y,N,N,Y,N,N,N,N,N,N,N,N,N,Y,N,N,N,N,N,N,N,N,N,N,N,N
Haskell Indian Industrial Training School,"Haskell Junior College, Haskell Institute, Haskell Indian Nations University*",,"Lawrence, Kansas",KS,1884,,Y,Y,Y,Y,Y,Y,N,Y,N,N,N,N,N,Y,N,N,Y,N,N,N,N,N,N,N,N,N,N,N,N,N
Havasupai Boarding and Day School,"Havasupai Indian School, Havasupai Elementary School*",,"Supai, Arizona",AZ,1895,,BIE Operated,Y,Y,Y,Y,Y,N,Y,Y,N,N,N,N,N,N,Y,N,N,N,N,N,N,N,N,N,N,N,N,N,N
Hayward Boarding School,Hayward Indian School,,"Hayward, Wisconsin",WI,1901,1933,N,Y,Y,Y,Y,Y,N,Y,N,N,N,N,N,N,N,Y,Y,N,N,N,N,N,N,N,N,N,N,N,N,N
High Tower Mission School,"Etowah Mission School, Etonee School",,"Cartersville, Georgia",GA,1817,1829,N,Y,Y,Y,Y,N,N,Y,Y,Y,Y,N,N,N,N,N,N,N,N,N,N,N,N,N,N,N,N,N,N,N
Hilo Boarding School,,,"Hilo, Hawaii",HI,1836,1972,N,Y,Y,Y,Y,N,N,N,N,N,N,N,N,N,N,N,N,N,N,N,N,N,N,N,N,N,N,N,N,N
Holy Child Academy,"Academy of St. Rose, St. Bernard's Hall",,"Avoca, Minnesota",MN,1884,1910,N,Y,Y,Y,Y,N,N,Y,N,Y,Y,N,N,N,N,N,N,N,N,N,N,N,N,N,N,N,N,N,N,N
Holy Cross Boarding School,Kosoreffsky; Anilukhtakpak; Askhomute; Koserefsky; Holy Cross Mission; Holy Cross Boarding and Day School and Orphanage,,"Holy Cross, Alaska",AK,1888,1956,N,Y,Y,Y,Y,N,N,Y,N,N,N,N,N,N,N,N,N,N,N,N,N,N,N,N,N,N,N,N,N,N
Holy Family Mission and School,"Holy Family Catholic, Blackfeet Mission School, Holy Family Industrial School, Holy Family Boarding",,"Browning, Montana",MT,1890,1940,N,Y,Y,Y,Y,N,N,Y,N,N,Y,N,N,N,N,N,N,N,N,N,N,Y,N,N,N,N,N,N,N,N
Homewood Boarding School,Jubilee College,,"Brimfield, Illinois",IL,1883,1888,N,Y,Y,Y,Y,N,N,Y,N,Y,Y,N,N,Y,N,N,N,N,N,N,N,N,N,Y,N,N,N,N,N,N
Hoopa Valley Boarding School,Hupa Valley Boarding,,"Hoopa Valley, California",CA,1893,1934,N,Y,Y,Y,Y,Y,N,Y,Y,N,N,N,N,N,N,Y,N,N,N,N,N,N,N,N,N,N,N,N,N,N
Hope Indian Boarding School,Springfield Indian School,,"Springfield, South Dakota",SD,1879,1923,N,Y,Y,Y,Y,Y,N,Y,N,N,Y,N,N,N,N,Y,Y,N,N,N,N,N,N,N,N,N,N,N,N,N
Huerfano Dormitory,"Hanáádli Community School/Dormitory, Inc., Huerfano Dormitory Day School, Huerfano Day School, Huerfano Boarding School",,"Bloomfield, New Mexico",NM,1935,,Y,Y,Y,Y,Y,N,N,Y,Y,N,N,N,Y,N,N,Y,N,N,N,N,N,N,N,N,N,N,N,N,N,N
Hunters Point Boarding School,Hunter's Point Indian School,Hunters Point Day School,"St Michaels, Arizona",AZ,1934,,"Tribally-Controlled, BIE school",Y,Y,Y,Y,N,N,Y,Y,N,N,N,N,N,N,N,N,N,N,N,N,N,N,N,N,N,N,N,N,N
Immaculate Conception Mission School,Stephan Mission School,Crow Creek Tribal School,"Stephan, South Dakota",SD,1886,1961,N,Y,Y,Y,Y,N,N,Y,N,Y,Y,N,N,N,N,N,N,N,N,N,N,N,N,N,N,N,N,N,N,N
Indian Pueblo Training School,Pueblo Industrial School,Albuquerque Indian School,"Duranes, New Mexico",NM,1881,1884,N,Y,Y,Y,Y,N,N,Y,N,Y,N,N,N,N,N,N,Y,N,N,N,N,N,N,N,N,N,N,N,N,N
"Industrial and Reformatory School for Girls (Keoneula, Kapalama)","Maunawili Training Schools for Girls, Kawailoa Training School for Girls, Olomana School, Kawailoa Girls' Home, Hawaii Youth Correctional Facility","dustrial and Reformatory School for Girls (Mo'ili'ili, Honolulu), Industrial and Reformatory School for Girls (Maunawili, Ko'olaupoko)","Keoneula, Kapalama, O'ahu, Hawaii",HI,1904,1913,N,Y,Y,Y,Y,Y,N,N,N,N,N,N,N,Y,N,N,N,N,N,N,N,Y,N,N,N,N,N,Y,N,N
"Industrial and Reformatory School for Girls (Mo'ili'ili, Honolulu)","Maunawili Training Schools for Girls, Kawailoa Training School for Girls, Olomana School, Kawailoa Girls' Home, Hawaii Youth Correctional Facility","Industrial and Reformatory School for Girls (Maunawili, Ko'olaupoko), Industrial and Reformatory School for Girls (Keoneula, Kapalama)","Mo'ili'ili, Honolulu, O'ahu, Hawaii",HI,1913,1929,N,Y,Y,Y,Y,Y,N,N,N,N,N,N,N,Y,N,N,N,N,N,N,N,Y,N,N,N,N,N,Y,N,N
"Industrial and Reformatory School for Girls (Maunawili, Ko'olaupoko)","Maunawili Training Schools for Girls, Kawailoa Training School for Girls, Olomana School, Kawailoa Girls' Home, Hawaii Youth Correctional Facility","Industrial and Reformatory School for Girls (Mo'ili'ili, Honolulu), Industrial and Reformatory School for Girls (Keoneula, Kapalama)","Maunawili, Ko'olaupoko, O'ahu, Hawaii",HI,1929,,Y,Y,Y,Y,Y,Y,N,N,N,N,N,N,N,Y,N,N,N,N,N,N,N,Y,N,N,N,N,N,Y,N,N
"Industrial and Reformatory School (Keoneula, Kapalama)","Waialee Training School for Boys, Olomana School, Hawaii Youth Correctional Facility","Industrial and Reformatory School (Waialee, Waialua), Industrial and Reformatory School (Kawailou)","Keoneula, Kapa'lama, O'ahu, Hawaii",HI,1864,1903,N,Y,Y,Y,Y,Y,N,N,N,N,N,N,N,Y,N,N,N,N,N,N,N,Y,N,N,N,N,N,Y,N,N
"Industrial and Reformatory School (Waialee, Waialua)","Waialee Training School for Boys, Olomana School, Hawaii Youth Correctional Facility","Industrial and Reformatory School (Keoneula, Kapalama), Industrial and Reformatory School (Kawailou)","58130 Kamehameha Highway, Waiale'e, O'ahu, Hawaii",HI,1903,1950,N,Y,Y,Y,Y,Y,N,N,N,N,N,N,N,Y,N,N,N,N,N,N,N,Y,N,N,N,N,N,Y,N,N
Industrial and Reformatory School (Kawailou),"Koolau Boys' Home (Kawailou), Waialee Training School for Boys, Olomana School, Hawaii Youth Correctional Facility","Industrial and Reformatory School (Keoneula, Kapalama), Industrial and Reformatory School (Waialee, Waialua)","Kawailou, O'ahu, Hawaii",HI,1950,,Y,Y,Y,Y,Y,Y,N,N,N,N,N,N,N,Y,N,N,N,N,N,N,N,Y,N,N,N,N,N,Y,N,N
Institute of American Indian Arts,,,"Santa Fe, New Mexico",NM,1962,,Y,Y,Y,Y,Y,Y,N,Y,N,N,N,N,N,N,N,N,N,Y,N,N,N,N,N,N,N,N,N,N,N,N
Intermountain Indian School,"Bushnell Hospital, Intermountain Inter-Tribal School",,"Brigham, Utah",UT,1950,1984,N,Y,Y,Y,Y,Y,N,Y,N,N,N,N,N,N,N,N,Y,N,N,N,N,N,N,N,N,N,N,N,N,N
International School of Blind and Deaf,"Lura A. Lowrey School for the Blind, Oklahoma School for the Blind",,"Fort Gibson, Oklahoma",OK,1898,1908,N,Y,Y,Y,Y,N,Y,Y,N,N,N,N,N,N,N,N,N,N,N,N,N,N,N,N,N,N,N,N,N,N
Iowa and Sac and Fox Indian Mission School - Kansas,"Iowa and Sac Mission; Orphan Indian Institute; Iowa, Sac, and Fox Presbyterian Mission; Highland Presbyterian Mission",,"Highland, Kansas",KS,1846,1868,N,Y,Y,Y,Y,N,N,Y,N,N,Y,N,N,N,N,N,N,N,N,N,N,N,N,Y,N,N,N,N,N,N
Iowa and Sac and Fox of Missouri Boarding School,"Great Nemaha Boarding and Day School, Great Nemaha Industrial Orphans' Home, Great Nemaha Indian School",,"White Cloud, Kansas",KS,1871,1916,N,Y,Y,Y,Y,Y,N,Y,Y,N,N,N,N,N,N,Y,N,N,N,N,N,N,N,N,N,N,N,N,N,N
Iowa Industrial School,"Orphans Industrial Home, Iowa Industrial Home",,"Nohart, Nebraska",NE,1873,1881,N,Y,Y,Y,Y,Y,N,Y,N,N,N,N,N,N,N,N,N,N,N,N,N,N,N,Y,N,N,N,N,N,N
Iyanbito Boarding School,Iyanbito Day School,,"Fort Wingate, New Mexico",NM,1935,1979,N,Y,Y,Y,Y,N,N,Y,Y,N,N,N,N,N,N,Y,N,N,N,N,N,N,N,N,N,N,N,N,N,N
Jesse Lee Home for Children - Unalaska,,"Jesse Lee Home for Children - Seward, Jesse Lee Home for Children - Anchorage","Unalaska, Alaska",AK,1890,1924,N,Y,Y,TBD,Y,N,N,N,N,N,N,N,N,N,N,N,N,N,N,N,N,N,N,Y,N,N,N,N,N,N
Jesse Lee Home for Children - Seward,,"Jesse Lee Home for Children - Unalaska, Jesse Lee Home for Children - Anchorage","Seward, Alaska",AK,1926,1964,N,Y,Y,Y,Y,N,N,N,N,N,N,N,N,N,N,N,N,N,N,N,N,N,N,Y,N,N,N,N,N,N
Jesse Lee Home for Children - Anchorage,Alaska Children's Services,"Jesse Lee Home for Children - Unalaska, Jesse Lee Home for Children - Seward","Anchorage, Alaska",AK,1965,1970,N,Y,Y,TBD,Y,N,N,N,N,N,N,N,N,N,N,N,N,N,N,N,N,N,N,Y,N,N,N,N,N,N
Jicarilla Apache Boarding School,"Jicarilla Apache Indian Boarding School, Jicarilla Indian School, Jicarilla Boarding School, Jicarilla Training School, Jicarilla (Southern Mountain) Sanatorium, Jicarilla Dormitory",,"Dulce, New Mexico",NM,1903,,Y,Y,Y,Y,Y,N,N,Y,N,N,N,Y,Y,N,N,Y,N,N,N,N,N,N,N,N,N,N,N,N,N,N
Jones Male Academy,Jones Academy,,"Hartshorne, Oklahoma",OK,1891,,Y,Y,Y,Y,Y,N,Y,Y,Y,N,N,N,N,N,N,N,N,N,N,N,N,N,N,N,N,N,N,N,N,N
Judson College,,,"Henderson County, North Carolina",NC,1860,1886,N,Y,Y,Y,Y,N,N,Y,N,Y,Y,N,N,N,N,N,N,N,N,N,N,N,N,N,N,N,N,N,N,N
Kaibeto Boarding School,Kaibeto Day School,,"Page, Arizona",AZ,1935,,BIE Operated,Y,Y,Y,Y,N,N,Y,Y,N,N,N,N,N,N,N,N,N,N,N,N,N,N,N,N,N,N,N,N,N
Kamehameha Schools,Bishop School,,"Honolulu, Hawaii",HI,1887,,Y,Y,Y,Y,Y,N,N,Y,Y,N,N,N,N,N,N,N,N,N,N,N,N,N,N,N,N,N,N,N,N,N
"Kanakanak Hospital, Orphanage and School",,,"Kanakanak, Alaska",AK,1910,1932,N,Y,Y,Y,Y,N,N,N,N,N,N,N,N,N,N,N,N,N,N,N,N,N,N,N,N,N,N,N,N,N
Kate Drexel Industrial Boarding School,"Kate Drexel Boarding School, Kate Drexel Industrial School, Kate Drexel Mission Boarding",,"Pendleton, Oregon",OK,1847,1929,N,Y,Y,Y,Y,N,N,Y,N,Y,Y,N,N,N,N,N,N,N,N,N,N,N,N,N,N,N,N,N,N,N
Kaw Boarding School,Kaw Training,,"Washunga, Oklahoma",OK,1882,1910,N,Y,Y,Y,Y,Y,N,Y,Y,N,N,N,N,N,N,Y,N,N,N,N,N,N,N,N,N,N,N,N,N,N
Kaw Methodist Mission School,Kaw Manual Labor School,,"Council Grove, Kansas",KS,1851,1854,N,Y,Y,Y,Y,N,N,Y,N,N,N,N,N,N,N,N,N,N,N,N,N,N,N,N,N,N,N,N,N,N
Kayenta Indian School,"Kayenta Day School, Kayenta Community School*",,"Kayenta, Arizona",AZ,1935,,BIE Operated,Y,Y,Y,Y,N,N,Y,Y,N,N,N,N,N,N,N,N,N,N,N,N,N,N,N,N,N,N,N,N,N
Keams Canyon Boarding School,"Moquis Indian School, Moqui Industrial School, Moquis Boarding School, Keam's Canyon (Moqui Boarding), Keam's Cañon, Keam's Canyon (Hopi), Hopi Boarding School, Hopi (Moqui) Training School, Keams Canyon Elementary School",,"Keams Canyon, Arizona",AZ,1875,,"Tribally-Controlled, BIE school",Y,Y,Y,Y,Y,N,Y,Y,N,N,N,N,N,N,Y,N,N,N,N,N,N,N,N,N,N,N,N,N,N
Kickapoo Boarding School,"Kickapoo Industrial School, Kickapoo Training School, Kickapoo Rising Mission School",,"Horton, Kansas",KS,1871,1931,N,Y,Y,Y,Y,Y,N,Y,N,N,N,N,N,N,N,Y,N,N,N,N,N,N,N,N,N,N,N,N,N,N
Kinlichee Indian School,"Kinlichee Day School, Kin Dah Lichi'i Olta', Kin Dah Lichii Olta' School",,"Ganado, Arizona",AZ,1932,,"Tribally-Controlled, BIE school",Y,Y,Y,Y,N,N,Y,Y,N,N,N,N,N,N,N,N,N,N,N,N,N,N,N,N,N,N,N,N,N
Klagetoh Boarding and Day School,,,"Klagetoh, Arizona",AZ,1932,1966,N,Y,Y,Y,Y,N,N,Y,Y,N,N,N,N,N,N,N,N,N,N,N,N,N,N,N,N,N,N,N,N,N
Klamath Agency Boarding School,,,"Chiloquin, Oregon",OR,1874,1927,N,Y,Y,Y,Y,Y,N,Y,N,N,N,N,N,N,N,Y,N,N,N,N,N,N,N,N,N,N,N,N,N,N
Kodiak Aleutian Regional High School,Kodiak Aleutian Regional School,,"Kodiak, Alaska",AK,1967,1973,N,Y,Y,Y,Y,N,N,Y,N,N,N,N,N,N,N,N,N,N,N,N,N,N,N,N,N,N,N,N,N,N
Lac du Flambeau Boarding School,,,"Lac du Flambeau, Wisconsin",WI,1895,1932,N,Y,Y,Y,Y,Y,N,Y,N,N,N,N,N,N,N,Y,N,N,N,N,N,N,N,N,N,N,N,N,N,N
Laguna Sanatorium,,,"Laguna, New Mexico",NM,1911,1933,N,Y,Y,Y,Y,N,N,N,N,N,N,Y,N,N,N,N,N,N,N,N,N,N,N,N,N,N,N,N,N,N
Lahainaluna Seminary,"Lahainaluna High School, Lahainaluna Trade School",,"Maui, Hawaii",HI,1831,,Contract or Mission,Y,Y,Y,Y,N,N,Y,Y,N,N,N,N,N,N,N,N,N,N,N,N,N,N,N,N,N,N,N,N,N
Lake Valley Navajo School,Lake Valley,,"Lake Valley, New Mexico",NM,1935,,Y,Y,Y,Y,Y,N,N,Y,Y,N,N,N,N,N,N,Y,N,N,N,N,N,N,N,N,N,N,N,N,N,N
Leech Lake Indian Boarding School,,,"Walker, Minnesota",MN,1867,1921,N,Y,Y,Y,Y,N,N,Y,N,N,N,N,N,N,N,Y,N,N,N,N,N,N,N,N,N,N,N,N,N,N
Lemhi Boarding School,Lemhi Boarding School Girls Dormitory,,"Lemhi, Idaho",ID,1885,1907,N,Y,Y,Y,Y,Y,N,Y,N,N,N,N,N,N,N,Y,N,N,N,N,N,N,N,N,N,N,N,N,N,N
Leupp Boarding and Day School,"Leupp Schools, Inc.",,"Leupp, Arizona",AZ,1909,,"Tribally-Controlled, BIE school",Y,Y,Y,Y,N,N,Y,Y,N,N,N,N,N,N,N,N,N,N,N,N,N,N,N,N,N,N,N,N,N
Lincoln Institution for Boys,"Boys' Home of the Lincoln Institute, Educational Home for Boys",Lincoln Institution for Girls,"Philadelphia, Pennsylvania",PA,1866,1926,N,Y,Y,Y,Y,Y,N,Y,N,Y,Y,N,N,N,N,N,N,N,N,N,N,N,N,N,N,N,N,N,Y,N
Lincoln Institution for Girls,"Girls' Home of the Lincoln Institute, Lincoln Institute",Lincoln Institution for Boys,"Philadelphia, Pennsylvania",PA,1884,1926,N,Y,Y,Y,Y,Y,N,Y,N,Y,Y,N,N,N,N,N,N,N,N,N,N,N,N,N,N,N,N,N,Y,N
Low Mountain Boarding School,"Low Mountain Boarding School, Low Mountain Day School",Jeehdeez'a Academy,"Low Mountain, Arizona",AZ,1953,2007,N,Y,Y,Y,Y,N,N,Y,Y,N,N,N,N,N,N,Y,N,N,N,N,N,N,N,N,N,N,N,N,N,N
Lower Brule Industrial Boarding School,,Lower Brule Boarding and Day School,"Oacoma, South Dakota",SD,1882,1895,N,Y,Y,Y,Y,Y,N,Y,N,N,N,N,N,N,N,Y,N,N,N,N,N,N,N,N,N,N,N,N,N,N
Lower Brule Boarding and Day School,Lower Brule Day School; Lower Brule Schools; Lower Brule Elementary School; Lower Brule Jr. High; Lower Brule High School*,Lower Brule Industrial Boarding School,"Lower Brule, South Dakota",SD,1895,,Y,Y,Y,Y,Y,Y,N,Y,Y,N,N,N,N,N,N,N,N,N,N,N,N,N,N,N,N,N,N,N,N,N
Lukachukai Boarding and Day School,"Luki Chuki Day School, Lukachukai Community School",,"Lukachukai, Arizona",AZ,1936,,"Tribally-Controlled, BIE school",Y,Y,Y,Y,N,N,Y,Y,N,N,N,N,N,N,N,N,N,N,N,N,N,N,N,N,N,N,N,N,N
Mackinac Mission School,"Mission House, Michilimackic or Michillimackinac School, Mackinaw Mission School for Native American and Metis Children",,"Mackinac Island, Michigan",MI,1823,1837,N,Y,Y,Y,Y,N,N,Y,N,Y,Y,N,N,N,N,N,N,N,N,N,N,N,N,N,N,N,N,N,N,N
Maddock Agricultural and Training School,"Benson County Agricultural and Training School, Maddock Public School",,"Maddock, North Dakota",ND,1914,,Y,Y,Y,Y,Y,N,N,Y,N,N,N,N,N,N,N,N,N,N,N,N,N,N,N,N,N,N,N,N,N,N
Many Farms Community School,,Chinle Boarding School,"Many Farms, Arizona",AZ,1943,,"Tribally-Controlled, BIE school",Y,Y,Y,Y,Y,N,Y,Y,Y,N,N,N,N,N,Y,N,N,N,N,N,N,N,N,N,N,N,N,N,N
Many Farms High School,,,"Many Farms, Arizona",AZ,1969,,BIE Operated,Y,Y,Y,Y,N,N,Y,N,N,N,N,N,N,N,N,N,N,N,N,N,N,N,N,N,N,N,N,N,N
Mariano Lake Boarding School,Mariano Lake Community School,,"Crownpoint, New Mexico",NM,1935,,BIE Operated,Y,Y,Y,Y,N,N,Y,Y,N,N,N,N,N,N,Y,N,N,N,N,N,N,N,N,N,N,N,N,N,N
Marsh Pass School,"Marsh Pass Indian Boarding School, Kayenta Tuberculosis Sanatorium, Kayenta TB Sanatorium, Kayenta Sanatorium",,"Kayenta, Arizona",AZ,1913,1927,N,Y,Y,Y,Y,N,N,Y,Y,N,N,Y,N,N,N,Y,N,N,N,N,N,N,N,N,N,N,N,N,N,N
Martinsburg School,"Juniata Institute, Juniata Collegiate Institute, Martinsburg Indian School",,"Martinsburg, Pennsylvania",PA,1885,1888,N,Y,Y,Y,Y,Y,N,Y,N,Y,N,N,N,N,N,N,N,N,N,N,N,N,N,N,N,N,N,N,N,N
Martyn Mission School,,,"Holly Springs, Mississippi",MS,1824,1832,N,Y,Y,Y,Y,N,N,Y,N,Y,Y,N,N,N,N,N,N,N,N,N,N,N,N,N,N,N,N,N,N,N
Mary Gregory Memorial Mission School,Mary Gregory Memorial,,"Anadarko, Oklahoma",OK,1896,1909,N,Y,Y,Y,Y,N,N,Y,N,N,Y,N,N,N,N,N,N,N,N,N,N,N,N,N,N,N,N,N,N,N
Mary Immaculate School at the Mission of the Sacred Heart of DeSmet,"Sisters Building, De Smet",,"De Smet, Idaho",ID,1878,1974,N,Y,Y,Y,Y,N,N,Y,N,N,Y,N,N,N,N,N,N,N,N,N,N,N,N,N,N,N,N,N,N,N
Mauna Loa Forestry Camp School,,,"Mountain View, Hawaii",HI,1952,1953,N,Y,Y,Y,Y,N,N,N,N,N,N,N,N,N,N,N,N,N,N,N,N,N,N,N,N,N,N,N,N,N
Mayhew School,Mayhew Mission School; Mayhew Station School,Mayhew School - OK,"Starkville, Mississippi",MS,1820,1832,N,Y,Y,Y,Y,N,N,Y,N,Y,Y,N,N,N,N,N,N,N,N,N,N,N,N,N,N,N,N,N,N,N
McCabe Boarding,Pawhuska Boarding,Osage Boarding School,"Pawhuska, Oklahoma",OK,1889,1893,N,Y,Y,Y,Y,N,N,Y,N,Y,Y,N,N,N,N,N,N,N,N,N,N,N,N,N,N,N,N,N,N,N
Mekusukey Academy,,Wewoka Mission School,"Seminole, Oklahoma",OK,1891,1930,N,Y,Y,Y,Y,N,Y,Y,N,N,N,N,N,N,N,N,N,N,N,N,N,N,N,N,N,N,N,N,N,N
Menominee Boarding School,"Green Bay Boarding School, Keshena School, Keshema, Menomonee Industrial School, Menominee Tribal School",,"Keshena, Wisconsin",WI,1879,1938,"Tribally-Controlled, BIE school",Y,Y,Y,Y,Y,N,Y,N,N,N,N,N,N,N,Y,N,N,N,N,N,N,N,N,N,N,N,N,N,N
Mescalero Boarding School,Mescalero Apache School,,"Mescalero, New Mexico",NM,1877,,Y,Y,Y,Y,Y,N,N,Y,Y,N,Y,N,N,N,N,Y,N,N,N,N,N,N,N,N,N,N,N,N,N,N
Mexican Springs Boarding School,"Mexican Springs Day School, Mexican Springs Dormitory",,"Mexican Springs, New Mexico",NM,1935,1963,N,Y,Y,Y,Y,N,N,Y,Y,N,N,N,Y,N,N,Y,N,N,N,N,N,N,N,N,N,N,N,N,N,N
Middletown Training School,,,"Middletown, California",CA,1885,1887,N,Y,Y,Y,Y,N,N,Y,N,Y,N,N,N,N,N,N,N,N,N,N,N,N,N,N,N,N,N,N,N,N
Molokai Forestry Camp School,,,"Molokai, Hawaii",HI,1953,1967,N,Y,Y,Y,Y,N,N,N,N,N,N,N,N,N,N,N,N,N,N,N,N,N,N,N,N,N,N,N,N,N
Montana Industrial School for Indians,Bond's Mission School,,"Custer, Montana",MT,1886,1897,N,Y,Y,Y,Y,N,N,Y,N,N,N,N,N,N,N,N,N,N,N,N,N,Y,N,N,N,N,N,N,N,N
Morris Industrial School for Indians,,St. Paul's Industrial School,"Morris, Minnesota",MN,1887,1908,N,Y,Y,Y,Y,N,N,Y,N,N,N,N,N,N,N,N,N,N,N,N,N,N,N,N,N,N,N,N,N,N
Mount Pleasant Indian Industrial Boarding School,"Michigan Indian Industrial Boarding School, Mount Pleasant Indian School, Mount Pleasant Training",,"Mt Pleasant, Michigan",MI,1893,1934,N,Y,Y,Y,Y,Y,N,Y,N,N,N,N,N,N,N,N,Y,N,N,N,N,N,N,N,N,N,N,N,N,N
"Mt Pleasant, Michigan","Mount Edgecumbe, Mt. Edgecumbe High School",,"Sitka, Alaska",AK,1947,,Y,Y,Y,Y,Y,N,N,Y,N,N,N,N,N,N,N,N,N,N,N,N,N,N,N,N,N,N,N,N,N,N
Murray State School of Agriculture,"Murray State Agricultural College, Murray State College of Agriculture and Applied Science, Murray State College",,"Tishomingo, Oklahoma",OK,1908,,Y,Y,Y,Y,Y,N,N,Y,N,Y,Y,N,N,N,N,N,N,N,N,N,N,N,N,N,N,Y,N,N,N,Y
Murrow Orphan Home,Murrow Indian Orphanage,,"Muskogee, Oklahoma",OK,1902,,Y,Y,Y,Y,Y,N,Y,Y,N,N,N,N,N,N,N,N,N,N,N,N,N,N,N,N,N,N,N,N,N,N
Naschitti Boarding School,"Naschiti Day School, Naschiti Dormitory, Naschitti Elementary School",,"Tohatchi, New Mexico",NM,1935,,Y,Y,Y,Y,Y,N,N,Y,Y,N,N,N,Y,N,N,Y,N,N,N,N,N,N,N,N,N,N,N,N,N,N
Nava Boarding and Day School,,,"Newcomb, New Mexico",NM,1929,1955,N,Y,Y,Y,Y,Y,N,Y,Y,N,N,N,N,N,N,N,N,N,N,N,N,N,N,N,N,N,N,N,N,N
Navajo Faith Mission,"Navajo Mission Boarding, Aneth (Navaho Mission)",,"Aneth, Utah",UT,1899,1919,N,Y,Y,Y,Y,Y,N,Y,Y,N,Y,N,N,N,N,N,N,N,N,N,N,N,N,N,N,N,N,N,N,N
Navajo Jewett Mission School,"Navajo Methodist Mission School, Navajo Presbyterian Mission School, Liberty (Jewett), Liberty Indians Boarding School, Navaho Mission School",Navajo Farmington Methodist Mission School,"Waterflow, New Mexico",NM,1899,1915,N,Y,Y,Y,Y,N,N,Y,N,Y,Y,N,N,N,N,N,N,N,N,N,Y,N,N,N,N,N,N,N,N,N
"Navajo Mountain Boarding and Day School, AZ","Navajo Mountain Community School, Naa Tsis’Aan Community School*","Navajo Mountain Day School, UT","Tonalea, Arizona",AZ,1935,,Y,Y,Y,Y,Y,Y,N,Y,Y,N,N,N,N,N,N,Y,N,N,N,N,N,N,N,N,N,N,N,N,N,N
Nazareth Institute,"Nazareth College, Nazareth Institute and Academy for Girls",,"Muskogee, Oklahoma",OK,1896,1932,N,Y,Y,Y,Y,N,N,Y,Y,N,Y,N,N,N,N,N,N,N,N,N,N,N,N,N,N,N,N,N,N,N
Nazlini Boarding School,"Nazlini Community School, Inc.",,"Golden Valley, Arizona",AZ,1952,,"Tribally-Controlled, BIE school",Y,Y,Y,Y,N,N,Y,N,N,N,N,N,N,N,N,N,N,N,N,N,N,N,N,N,N,N,N,N,N
Neah Bay Boarding and Day School,"Neah Bay Industrial Boarding School, Neah Bay Training School",,"Neah Bay, Washington",WA,1868,1933,N,Y,Y,Y,Y,Y,N,Y,Y,N,N,N,N,N,N,Y,N,N,N,N,N,N,N,N,N,N,N,N,N,N
Nenahnezad Boarding School,"Nenah-Nezad School, Nenannezed School, Fruitland Day School, Nenahnezad Community School",,"Fruitland, New Mexico",NM,1937,,Y,Y,Y,Y,Y,N,N,Y,Y,N,N,N,N,N,N,Y,N,N,N,N,N,N,N,N,N,N,N,N,N,N
Nett Lake Boarding and Day School,,,"Nett Lake, Minnesota",MN,1907,1931,N,Y,Y,Y,Y,N,N,Y,N,N,N,N,N,N,N,N,N,N,N,N,N,N,N,N,N,N,N,N,N,N
New L'Arbre Croche Mission School,"Holy Childhood of Jesus Catholic Church and Indian School, Holy Child Harbor Springs Boarding School, Holy Childhood of Jesus Church",,"Harbor Springs (L'Abre Croche), Michigan",MI,1829,1983,N,Y,Y,Y,Y,N,N,Y,N,Y,Y,N,N,N,N,N,N,N,N,N,N,N,N,N,N,N,N,N,N,N
Nez Perce Boarding School,,,"Lapwai, Idaho",ID,1868,1893,N,Y,Y,Y,Y,Y,N,Y,N,N,N,N,N,N,N,Y,N,N,N,N,N,N,N,N,N,N,N,N,N,N
Norwalk Academy for Boys,"Norwalk Academy, Norwalk School, Norwalk Boarding School",,"Fort Coffee, Oklahoma",OK,1846,1862,N,Y,Y,Y,Y,N,N,Y,N,N,N,N,N,N,N,N,N,N,N,N,N,N,N,N,N,N,N,N,N,N
Nunapitsinghak Moravian Children's Home,,,"Kwethluk, Alaska",AK,1926,1973,N,Y,Y,Y,Y,N,N,Y,N,N,N,N,N,N,N,N,N,N,N,N,N,N,N,N,N,N,N,N,N,N
Nuyaka School and Orphanage,"Nuyaka Boarding School, Nuyaka Mission School",,"Nuyaka, Oklahoma",OK,1882,1933,N,Y,Y,Y,Y,N,Y,Y,N,Y,Y,N,N,N,N,N,N,N,N,N,N,N,N,N,N,N,N,N,N,N
Oahe Boarding School,"Oahe Industrial School, Oahe Indian Mission School",,"West Hughes, South Dakot",SD,1874,1914,N,Y,Y,Y,Y,N,N,Y,N,Y,Y,N,N,N,N,N,N,N,N,N,N,N,N,N,N,N,N,N,N,N
Oklahoma Presbyterian College for Girls,"Calvin Institute, Durant Presbyterian College",,"Durant, Oklahoma",OK,1894,1966,N,Y,Y,Y,Y,N,N,Y,N,Y,Y,N,N,N,N,N,N,N,N,N,N,N,N,N,N,N,N,N,N,N
Old Goodland Indian Orphanage,"Old Goodland Indian Orphanage, Goodland Academy and Indian Orphanage, Old Goodland Indian Orphan Industrial School, Old Goodland Boarding School",,"Hugo, Oklahoma",OK,1848,1931,N,Y,Y,Y,Y,N,Y,Y,Y,Y,Y,N,N,N,N,N,N,N,N,N,N,N,N,N,N,N,N,N,N,N
Omaha Indian School,"Omaha Boarding School, Omaha Industrial School",,"Macy, Nebraska",NE,1871,1906,N,Y,Y,Y,Y,Y,N,Y,N,N,N,N,N,N,N,N,N,N,N,N,N,N,N,N,N,N,N,N,N,N
Omaha Mission Boarding,,,"Omaha, Nebraska",NE,1886,1891,N,Y,Y,Y,Y,Y,N,Y,N,N,Y,N,N,N,N,N,N,N,N,N,N,N,N,N,N,N,N,N,N,N
Oneida Boarding and Day School,,,"Oneida, Wisconsin",WI,1893,1918,N,Y,Y,Y,Y,Y,N,Y,N,N,N,N,N,N,N,Y,N,N,N,N,N,N,N,N,N,N,N,N,N,N
Osage Boarding School,,McCabe Boarding,"Pawhuska, Oklahoma",OK,1872,1922,N,Y,Y,Y,Y,Y,N,Y,N,N,N,N,N,N,N,Y,N,N,N,N,N,N,N,N,N,N,N,N,N,N
Osage Manual Labor School for Boys and Osage School for Girls,"Osage Catholic Mission and Schools, St. Francis Institute, St. Ann's Academy, St. Paul",,"St. Paul, Kansas",KS,1847,1870,N,Y,Y,Y,Y,N,N,Y,N,Y,Y,N,N,N,N,N,N,N,N,N,N,N,N,N,N,N,N,N,N,N
Otoe Boarding School,"Oto Boarding School, Otoe Missouria Indian Mission School",,"Red Rock, Oklahoma",OK,1880,1919,N,Y,Y,Y,Y,Y,N,Y,N,N,N,N,N,N,N,Y,N,N,N,N,N,N,N,N,N,N,N,N,N,N
Otoe Missouria Indian Mission School,,Otoe Boarding School,"Barneston, Nebraska",NE,1854,1881,N,Y,Y,Y,Y,Y,N,Y,N,N,Y,N,N,N,N,N,N,N,N,N,N,N,N,N,N,N,N,N,N,N
Ouray Indian School,"Ouray Boarding School, Uncompahgre Boarding School",,"Randlett, Utah",UT,1885,1905,N,Y,Y,Y,Y,N,N,Y,N,N,N,N,N,N,N,Y,N,N,N,N,N,N,N,N,N,N,N,N,N,N
Pawnee Boarding and Training School,"Southern Utah (Panguitch) Boarding School, Orton, Panguitch Boarding",St. George Southern Utah Boarding School,"Panguitch, Utah",UT,1904,1909,N,Y,Y,Y,Y,Y,N,Y,N,N,N,N,N,N,N,Y,N,N,N,N,N,N,N,N,N,N,N,N,N,N
Pecan Creek Mission School,Pecan Creek Boarding School,,"Muskogee, Oklahoma",OK,1898,1911,N,Y,Y,Y,Y,N,Y,Y,N,N,Y,N,N,N,N,N,N,N,N,N,N,N,N,N,N,N,N,N,N,N
Perris Indian School,,Sherman Institute,"Perris, California",CA,1891,1904,N,Y,Y,Y,Y,N,N,Y,N,N,N,N,N,N,N,N,Y,N,N,N,N,N,N,N,N,N,N,N,N,N
Phoenix Indian Industrial Schoo,"Phoenix Training School, Phoenix Training and Industrial School, Peel Institute, Phoenix School, Phoenix Boarding School",,"Phoenix, Arizona",AZ,1891,1990,N,Y,Y,Y,Y,Y,N,Y,N,N,N,N,N,N,N,N,Y,N,N,N,N,N,N,N,N,N,N,N,N,N
Pierre Indian School,"Pierre Indian School Learning Center, Pierre Indian Learning Center, Pierre Indian Learning Center",,"Pierre, South Dakota, 57501",SD,1891,,Y,Y,Y,Y,Y,Y,N,Y,Y,N,N,N,N,N,N,N,Y,N,N,N,N,N,N,N,N,N,N,N,N,N
Pima Boarding and Day School,"Pima Agency Boarding School, Pima Central Day School, Sacaton Boarding School, Sacaton Central School",,"Sacaton, Arizona",AZ,1880,1970,N,Y,Y,Y,Y,Y,N,Y,Y,N,N,N,N,N,N,Y,N,N,N,N,N,N,N,N,N,N,N,N,N,N
Pine Point Boarding and Day School,Pine Point Experimental School,,"Ponsford, Minnesota",MN,1892,1936,N,Y,Y,Y,Y,N,N,Y,Y,N,N,N,N,N,N,Y,N,N,N,N,N,N,N,N,N,N,N,N,N,N
Pine Ridge Boarding School,Oglala Pine Ridge Boarding School; Oglala Indian Training School; Oglala Community School; Pine Ridge School*,,"Pine Ridge, South Dakota",SD,1883,,Y,Y,Y,Y,Y,N,N,Y,N,N,N,N,N,Y,N,Y,N,N,N,N,N,N,N,N,N,N,N,N,N,N
Pine Springs Boarding School,Pine Springs Day School,Fraziers Well Day School,"Houck, AZ",AZ,1930,,BIE Operated,Y,Y,Y,Y,Y,N,Y,Y,N,N,N,N,N,N,Y,N,N,N,N,N,N,N,N,N,N,N,N,N,N
Pinedale Boarding School,"Pinedale School, Pinedale Day School",,"Pinedale, New Mexico",NM,1917,1975,N,Y,Y,Y,Y,Y,N,Y,Y,N,N,N,N,N,N,Y,N,N,N,N,N,N,N,N,N,N,N,N,N,N
Pinon Boarding School,"Pinon Dormitory, Pinon Day School, Pinon Community School*",,"Pinon, Arizona",AZ,1935,,Y,Y,Y,Y,Y,Y,N,Y,Y,N,N,N,N,N,N,Y,N,N,N,N,N,N,N,N,N,N,N,N,N,N
Pipestone Indian School,,,"Pipestone, Minnesota",MN,1893,1959,N,Y,Y,Y,Y,Y,N,Y,Y,N,N,N,N,N,N,N,Y,N,N,N,N,N,N,N,N,N,N,N,N,N
Plum Creek Boarding School,,,"Plum Creek, South Dakota",SD,1895,1902,N,Y,Y,Y,Y,N,N,Y,N,Y,Y,N,N,N,N,N,N,N,N,N,N,N,N,N,N,N,N,N,N,N
Ponca Boarding School,Ponca Industrial Boarding School,,"White Eagle, Oklahoma",OK,1882,1919,N,Y,Y,Y,Y,Y,N,Y,N,N,N,N,N,N,N,Y,N,N,N,N,N,N,N,N,N,N,N,N,N,N
Pottawatomie Boarding School,Pottawatomie Boarding School,,"Hoyt, Kansas",KS,1866,1908,N,Y,Y,Y,Y,Y,N,Y,Y,N,N,N,N,N,N,Y,N,N,N,N,N,N,N,N,N,N,N,N,N,N
Pottawatomie Mission Boarding School,"Potawatomi Baptist Manual Labor School, Pottawatomie Training School, Baptist Mission School",,"Topeka, Kansas",KS,1848,1873,N,Y,Y,Y,Y,N,N,Y,N,Y,Y,N,N,N,N,N,N,N,N,N,N,N,N,N,N,N,N,N,N,N
Presbyterian School for Indian Girls,"Henry Kendall College, Minerva Home",,"Muskogee, Oklahoma",OK,1891,1907,N,Y,Y,Y,Y,N,N,Y,N,N,Y,N,N,N,N,N,N,Y,N,N,N,N,N,N,N,N,N,N,N,N
Pryor Creek Boarding School,Pryor Boarding School,,"Pryor, Montana",MT,1903,1920,N,Y,Y,Y,Y,N,N,N,N,N,N,N,N,N,N,N,N,N,N,N,N,N,N,N,N,N,N,N,N,N
Pueblo Bonito School,"Crownpoint Community School, Pueblo Bonito Boarding School, Eastern Navajo","Crownpoint Boarding School, T'iis Ts'ozi Bi' Olta'","Crownpoint, New Mexico",NM,1912,1962,N,Y,Y,Y,Y,N,N,Y,Y,N,N,N,N,N,N,Y,N,N,N,N,N,N,N,N,N,N,N,N,N,N
Crownpoint Boarding School,"T'iis Ts'ozi Bi'Olta', Crownpoint Community School","Pueblo Bonito School, T'iis Ts'ozi Bi' Olta'","Crownpoint, New Mexico",NM,1963,2010,N,Y,Y,Y,Y,N,N,Y,Y,N,N,N,N,N,N,Y,N,N,N,N,N,N,N,N,N,N,N,N,N,N
T'iis Ts'ozi Bi' Olta',Crownpoint Community School,"Crownpoint Boarding School, Pueblo Bonito School","Crownpoint, New Mexico 87313",NM,2010,,BIE Operated,Y,Y,Y,N,N,N,Y,Y,N,N,N,N,N,N,Y,N,N,N,N,N,N,N,N,N,N,N,N,N,N
Pueblo Pintado Boarding School,"Pueblo Pintado School, Pueblo Pintado Day School, Pueblo Pintado Community School",,"Cuba, New Mexico",NM,1935,,Y,Y,Y,Y,Y,N,N,Y,Y,N,N,N,N,N,N,Y,N,N,Y,N,N,N,N,N,N,N,N,N,N,N
Puyallup Indian School,Puyallup Industrial School; Cushman Indian Trades School; Puyallup Indian School; Puyallup Boarding School,Cushman Indian School,"Squaxin Island, Washington",WA,1857,1869,N,Y,Y,Y,Y,Y,N,Y,N,N,N,N,N,N,N,Y,N,N,N,N,N,N,N,N,N,N,N,N,N,N
Pyramid Lake Boarding and Day School,"Pyramid Lake Sanatorium, Nevada Day School, Pyramid Lake High School",,"Nixon, Nevada",NV,1879,,"Tribally-Controlled, BIE school",Y,Y,Y,Y,Y,N,Y,Y,N,N,N,N,N,N,Y,N,N,N,N,N,N,N,N,N,N,N,N,N,N
Quapaw Boarding School,"Quapaw, Ottawa Industrial Boarding School, Quapaw Mission School, Quapaw Manual Labor School",,"Quapaw, Oklahoma",OK,1872,1900,N,Y,Y,Y,Y,Y,N,Y,N,N,Y,N,N,N,N,N,N,N,N,N,N,N,N,N,N,N,N,N,N,N
Quinaielt Boarding and Day School,"Quinailt School, Taholah (Quinaielt) Day School, Taholah Day School, Tahola Day School",,"Taholah, Washington",WA,1870,1920,N,Y,Y,Y,Y,Y,N,Y,Y,N,N,N,N,N,N,Y,N,N,N,N,N,N,N,N,N,N,N,N,N,N
Rainy Mountain Boarding School,,,"Gotebo, Oklahoma",OK,1893,1920,N,Y,Y,Y,Y,Y,N,Y,Y,N,N,N,N,N,N,Y,N,N,N,N,N,N,N,N,N,N,N,N,N,N
Ramona Indian School,"Ramona Indian Girls School, Ramona Industrial School for Indian Girls, Ramona Boarding School, Ramona School, University of New Mexico",,"Santa Fe, New Mexico",NM,1885,1895,N,Y,Y,Y,Y,Y,N,Y,N,Y,N,N,N,N,N,N,Y,N,N,N,N,N,N,N,N,N,N,N,N,N
Rapid City Indian School,"Rapid City Indian School and Sanatorium, Rapid City Training, Sioux Sanatorium, Sioux San Hospital*",,"Rapid City, South Dakota",SD,1898,,Y,Y,Y,Y,Y,Y,N,Y,N,N,N,Y,N,N,N,N,Y,N,N,N,N,N,N,N,N,N,N,N,N,N
Red Cloud Indian School*,"Holy Rosary Mission, Holy Rosary Mission Boarding School, Holy Rosary Mission School",,"Pine Ridge, South Dakota",SD,1888,,Y,Y,Y,Y,Y,N,N,Y,N,Y,Y,N,N,N,N,N,N,N,N,N,N,N,N,N,N,N,N,N,N,N
Red Lake Boarding and Day School,,,"Red Lake, Minnesota",MN,1877,1935,N,Y,Y,Y,Y,Y,N,Y,Y,N,N,N,N,N,N,Y,N,N,N,N,N,N,N,N,N,N,N,N,N,N
Red Moon Boarding School,Red Moon Day School,,"Hammon, Oklahoma",OK,1897,1922,N,Y,Y,Y,Y,Y,N,Y,Y,N,N,N,N,N,N,Y,N,N,N,N,N,N,N,N,N,N,N,N,N,N
Red Rock Boarding School,Red Rock Day School*,,"Red Valley, Arizona",AZ,1932,,BIE Operated,Y,Y,Y,Y,Y,N,Y,Y,N,N,N,N,N,N,Y,N,N,N,N,N,N,N,N,N,N,N,N,N,N
Rice Station Boarding and Day School,"Rice Indian School, Rice Station Day School",San Carlos Boarding and Day,"San Carlos Indian Reservation, Gila Co., Arizona",AZ,1900,1941,N,Y,Y,Y,Y,Y,N,Y,Y,N,N,N,N,N,N,Y,N,N,N,N,N,N,N,N,N,N,N,N,N,N
Riverside Indian School,"Riverside Boarding, Wichita Caddo School",,"Anadarko, Oklahoma",OK,1871,,N,Y,Y,Y,Y,Y,N,Y,Y,N,N,N,N,N,N,Y,N,N,N,N,N,N,N,N,N,N,N,N,N,N
Rock Point Boarding and Day School,"Tsé Nitsaa Deez'áhí Diné Bi'ólta', Rock Point Community School*",,"Rock Point, Arizona",AZ,1935,,BIE Operated,Y,Y,Y,Y,Y,N,Y,Y,Y,N,N,N,N,N,N,N,N,N,N,N,N,N,N,N,N,N,N,N,N
Rocky Ridge Boarding School,Rocky Ridge Day and Boarding School,,"Kykotsmovi Village, Arizona",AZ,1968,,BIE Operated,Y,Y,Y,Y,Y,N,Y,Y,N,N,N,N,N,N,Y,N,N,N,N,N,N,N,N,N,N,N,N,N,N
Rosebud Agency Boarding and Day School,"Rosebud Day School, Rosebud Community",,"Mission, South Dakota",SD,1895,1951,N,Y,Y,Y,Y,Y,N,Y,Y,N,N,N,N,N,N,Y,N,N,N,N,N,N,N,N,N,N,N,N,N,N
Rough Rock Demonstration School,Rough Rock Day School; Rough Rock Community School*,,"Chinle, Arizona",AZ,1935,,"Tribally-Controlled, BIE School",Y,Y,Y,Y,Y,N,Y,Y,N,N,N,N,N,N,Y,N,N,N,Y,N,N,N,N,N,N,N,N,N,N
Round Valley Boarding School,,,"Covelo, California",CA,1860,1924,N,Y,Y,Y,Y,N,N,N,N,N,N,N,N,N,N,N,N,N,N,N,N,N,N,N,N,N,N,N,N,N
Sac and Fox Indian Boarding School,"Sac and Fox Mission School, Sac and Fox Manual Labor School, Sac and Fox Industrial and Boarding, Sac and Fox of the Mississippi Government Boarding School",,"Stroud, Oklahoma",OK,1872,1924,N,Y,Y,Y,Y,Y,N,Y,N,N,Y,N,N,N,N,N,N,N,N,N,N,N,N,N,N,N,N,N,N,N
Sacred Heart Mission (St. Mary’s),"St. Mary's Academy, St. Mary's Boarding, Sacred Heart Mission Boarding, St. Mary's Convent",,"Sacred Heart, Oklahoma",OK,1946,,Y,Y,Y,Y,Y,N,N,Y,Y,Y,Y,N,N,N,N,Y,N,N,N,N,N,N,N,N,N,N,N,N,N,N
Sacred Heart Mission (St. Benedict’s),"St. Benedict's Industrial School, Sacred Heart Mission Boarding, St. Benedict's College, Sacred Heart College",,"Sacred Heart, Oklahoma",OK,1880,1926,N,Y,Y,Y,Y,N,N,Y,N,Y,Y,N,N,N,N,Y,N,N,N,N,N,N,N,N,N,N,N,N,N,N
Saint Mary’s Catholic Indian Boarding School,"Odanah St. Mary's Mission Boarding School, Odanah Boarding and Day School, St. Mary's Catholic Church*",,"New Odanah, Wisconsin",WI,1883,,Y,Y,Y,Y,Y,N,N,Y,Y,Y,Y,N,N,N,N,N,N,N,N,N,N,N,N,N,N,N,N,N,N,N
San Carlos Boarding and Day School,"San Carlos Agency Boarding School, San Carlos Day School",Rice Station,"San Carlos, Arizona",AZ,1887,1929,N,Y,Y,Y,Y,Y,N,Y,Y,N,N,N,N,N,N,Y,N,N,N,N,N,N,N,N,N,N,N,N,N,N
San Juan Training School,"San Juan Boarding School, San Juan Indian School",Shiprock Boarding School,"Shiprock, New Mexico",NM,1906,1966,N,Y,Y,Y,Y,Y,N,Y,Y,N,N,N,N,N,N,Y,N,N,N,N,N,N,N,N,N,N,N,N,N,N
Sanostee Boarding School,"Saynostee Day School, Sanostee Day School",,"Sanostee, New Mexico",NM,1933,,Y,Y,Y,Y,Y,N,N,Y,Y,N,N,N,N,N,N,Y,N,N,N,N,N,N,N,N,N,N,N,N,N,N
Santa Fe Indian School,"Dawes Institute, Santa Fe Industrial Training School, Santa Fe Indian Industrial School, Santa Fe Training School",,"Santa Fe, New Mexico",NM,1890,,Y,Y,Y,Y,Y,Y,N,Y,N,N,N,N,N,N,N,N,Y,N,N,N,N,N,N,N,N,N,N,N,N,N
Santa Rosa Boarding School,Santa Rosa Day School*,,"Sells, Arizona",AZ,1916,,BIE Operated,Y,Y,Y,Y,Y,N,Y,Y,N,N,N,N,N,N,N,N,N,N,N,N,N,N,N,N,N,N,N,N,N
Santee Industrial School,"Santee and Flandreau Boarding School, Santee Agency Boarding School",,"Niobrara, Nebraska",NE,1874,1909,N,Y,Y,Y,Y,Y,N,Y,N,N,N,N,N,N,N,Y,N,N,N,N,N,N,N,N,N,N,N,N,N,N
Santee Normal Training School,"Congregational Church and Manse, Santee Training School, Pilgrim Congregational Church*",,"Santee, Nebraska",NE,1870,1937,N,Y,Y,Y,Y,N,N,Y,N,Y,Y,N,N,N,N,N,N,N,N,N,N,N,N,N,N,N,N,N,N,N
Seba Dalkai Boarding School*,"Seba Dalkai Day School, Seba Dalkai School",,"Winslow, Arizona",AZ,1935,,BIE Operated,Y,Y,Y,Y,Y,N,Y,Y,N,N,N,N,N,N,N,N,N,N,N,N,N,N,N,N,N,N,N,N,N
Seger Indian Training School,Seger Colony Boarding,,"Colony, Oklahoma",OK,1893,1941,N,Y,Y,Y,Y,N,N,Y,N,N,N,N,N,N,N,N,N,N,N,N,N,N,N,N,N,N,N,N,N,N
Seneca Boarding School,"Seneca Indian School; Wyandotte Mission; Seneca, Shawnee, and Wyandotte Industrial Boarding School; Seneca Industrial Boarding School; Seneca, Shawnee, and Wyandotte Boarding; Seneca (Quapaw)",,"Wyandotte, Oklahoma",OK,1872,1980,N,Y,Y,Y,Y,N,N,Y,N,N,Y,N,N,N,N,Y,N,N,N,N,N,N,N,N,N,N,N,N,N,N
Seneca Mission and School,"Buffalo Creek School, Buffallo Creek Mission",,"Buffalo, New York",NY,1818,1845,N,Y,Y,Y,Y,N,N,Y,Y,Y,Y,N,N,N,N,N,N,N,N,N,N,N,N,N,N,N,N,N,N,N
Sequoyah Orphan Training School,"Sequoyah Vocational School, Sequoyah Indian High School, Sequoyah Training",,"Tahlequah, Oklahoma",OK,1871,,Y,Y,Y,Y,Y,N,Y,Y,Y,N,N,N,N,N,N,Y,N,N,N,N,N,N,N,N,N,N,N,N,N,N
Seward Sanitarium,,,"Seward, AK",AK,1946,1950,N,Y,Y,Y,Y,N,N,N,N,N,N,N,N,N,N,N,N,N,N,N,Y,N,N,N,N,N,N,N,N,N
Shawnee Boarding School,,,"Shawnee, Oklahoma",OK,1860,1921,N,Y,Y,Y,Y,Y,N,Y,N,N,N,N,N,N,N,Y,N,N,N,N,N,N,N,N,N,N,N,N,N,N
Shawnee Methodist Indian Mission,,Shawnee Methodist Mission and Indian Manual Labor School,"Kansas City, Kansas",KS,1838,1839,N,Y,Y,Y,Y,N,N,Y,N,Y,Y,N,N,N,N,N,N,N,N,N,N,N,N,N,N,N,N,N,N,N
Shawnee Methodist Mission and Indian Manual Labor School,,Shawnee Methodist Indian Mission,"Fairway, Kansas",KS,1839,1862,N,Y,Y,Y,Y,N,N,Y,N,Y,Y,N,N,N,N,N,N,N,N,N,N,N,N,N,N,N,N,N,N,N
Sherman Institute,"Riverside, Sherman Indian High School*",Perris Indian School,"Riverside, California",CA,1903,,Y,Y,Y,Y,Y,N,N,Y,N,N,N,N,N,N,N,N,Y,N,N,N,N,N,N,N,N,N,N,N,N,N
Shiprock Indian Boarding School,"Shiprock Agricultural School, Shiprock Agricultural High School","Shiprock Northwest High School, Atsá Biyáázh Community School, Shiprock Reservation Dormitory","Shiprock, New Mexico",NM,1905,1980,N,Y,Y,Y,Y,N,N,Y,Y,N,N,N,Y,N,N,Y,N,N,N,N,N,N,N,N,N,N,N,N,N,N
Shonto Boarding School,"Shonto Indian School, Shonto Day School, Shonto Preparatory School*",,"Shonto, Arizona",AZ,1933,,Tribally-Controlled,Y,Y,Y,Y,Y,N,Y,Y,N,N,N,N,N,N,Y,N,N,N,N,N,N,N,N,N,N,N,N,N,N
Shoshone Boarding and Day School,Shoshone and Bannock Boarding and Day School,Arapaho Boarding and Day School,"Fort Washakie, Wyoming",WY,1878,1883,N,Y,Y,Y,Y,Y,N,Y,N,N,N,N,N,N,N,Y,N,N,N,N,N,N,N,N,N,N,N,N,N,N
Shoshone-Episcopal Mission Boarding School,"Shoshone-Episcopal Mission Boarding School, Shoshone School for Indian Girls, Robert's School, Shoshoni Mission School",Wind River Boarding School; Shoshone Day School,"Fort Washakie, Wyoming",WY,1883,1945,N,Y,Y,Y,Y,Y,N,Y,N,Y,Y,N,N,N,N,N,N,N,N,N,N,N,N,N,N,N,N,N,N,N
Siletz Boarding School,"Liberty Industrial School, Siletz Industrial Boarding School, Siletz Training",,"Siletz, Oregon",OR,1873,1919,N,Y,Y,Y,Y,Y,N,Y,N,N,N,N,N,N,N,Y,N,N,N,N,N,Y,N,N,N,N,N,N,N,N
Silver Ridge Seminary,,,"Silver Ridge, Nebraska",NE,1874,1886,N,Y,Y,Y,Y,N,N,Y,N,Y,Y,N,N,N,N,N,N,N,N,N,N,N,N,N,N,N,N,N,N,N
Simnasho Boarding and Day School,Sin-e-ma-sho Boarding School,,"Simnasho, Oregon",OR,1882,1896,N,Y,Y,Y,Y,Y,N,Y,Y,N,N,N,N,N,N,N,N,N,N,N,N,N,N,N,N,N,N,N,N,N
Sisseton Agency Boarding and Day School,"Sisseton Training School, Sisseton Industrial School",,"Sisseton, South Dakota",SD,1873,1920,N,Y,Y,Y,Y,Y,N,Y,N,N,N,N,N,N,N,Y,N,N,N,N,N,N,N,N,N,N,N,N,N,N
Sisters of Loretto School,"Bernalillo Boys' Boarding School, Bernalillo Girls' Boarding School, Sisters of Loretta, Loretto Indian School, Bernalillo Boarding School, Sisters of Loretto School at Bernalillo, Bernalillo, Lorett",,"Bernalillo, New Mexico",NM,1885,1937,N,Y,Y,Y,Y,N,N,Y,N,Y,Y,N,N,N,N,N,N,N,N,N,N,N,N,N,N,N,N,N,N,N
Sitka Industrial Training School,"Sitka Mission, Industrial Home for Boys, Sheldon Jackson Institute, Sheldon Jackson School, Sheldon Jackson College, Sitka No 2",,"Sitka, Alaska",AK,1878,2007,N,Y,Y,Y,Y,N,N,Y,Y,N,N,N,N,Y,N,N,N,N,N,N,N,N,N,N,N,N,N,N,N,N
S'Kokomish Boarding and Day School,Skokomish School,,"Olympia, Washington",WA,1866,1918,Government,Y,Y,Y,Y,Y,N,Y,Y,N,N,N,N,N,N,Y,N,N,N,N,N,N,N,N,N,N,N,N,N,N
Southern Ute Boarding School (Ignacio),"Ignacio Indian Boarding School, Consolidated Ute - Ignacio, Ignacia, Ute Vocational, Southern Ute School, Southern Ute Agency Boarding School",,"Ignacio, Colorado",CO,1886,1981,N,Y,Y,Y,Y,Y,N,Y,Y,N,N,N,N,N,N,Y,N,N,N,N,N,N,N,N,N,N,N,N,N,N
Spencer Academy,"National School of the Choctaw Nation, Choctaw Academy",,"Fort Townsend, Oklahoma",OK,1844,1900,N,Y,Y,Y,Y,N,Y,Y,N,N,Y,N,N,N,N,N,N,N,N,N,N,N,N,N,N,N,N,N,N,N
Spring Place Mission School,"Springplace Moravian Mission School, Spring-place",,"Spring Place, Georgia",GA,1801,1833,N,Y,Y,Y,Y,N,N,Y,N,Y,Y,N,N,N,N,N,N,N,N,N,N,N,N,N,N,N,N,N,N,N
St. Agnes Academy,"St. Agnes Academy and Boarding School, St. Agnes Boarding School for Boys",,"Ardmore, Oklahoma",OK,1897,1932,N,Y,Y,Y,Y,N,Y,Y,Y,Y,Y,N,N,N,N,N,N,N,N,N,N,N,N,N,N,N,N,N,N,N
St. Agnes Mission,"St. Agnes Academy for Girls, St. Agnes’, St. Agnes Mission and St. Agnes, Antlers",,"Antlers, Oklahoma",OK,1897,1945,N,Y,Y,Y,Y,N,N,Y,N,Y,Y,N,N,N,N,N,N,N,N,N,N,N,N,N,N,N,N,N,N,N
St. Anthony's Industrial School for Indians,"San Diego: Industrial Training School, San Diego: Industrial Boarding School, San Diego, St. Anthony's Mission Boarding School",,"San Diego, California",CA,1886,1907,N,Y,Y,Y,Y,N,N,Y,N,Y,Y,N,N,N,N,N,N,N,N,N,N,N,N,N,N,N,N,N,N,N
St. Augustine School for Apache Children at Fort Marion,"St. Augustine Day School, Fort Marion, Castillo de San Marcos",,"Augustine, Florida",FL,1886,1887,N,Y,Y,Y,Y,N,N,N,N,N,N,N,N,N,Y,N,N,N,N,N,N,N,N,N,N,N,N,N,N,N
St. Benedict Mission School,"Indian Farm School, St. Benedict Mission Farm School, Martin Kenel Boarding School, Standing Rock Agricultural Boarding School, Kenel",,"Kenel, South Dakota",SD,1879,1961,N,Y,Y,Y,Y,N,N,Y,N,N,Y,N,N,N,N,N,N,N,N,N,N,N,Y,N,N,N,N,N,N,N
St. Benedict's Academy at Saint Joseph,"Saint Benedict’s Monastery, St. Benedict Mission and School, College of Saint Benedict*",,"St Joseph, Minnesota",MN,1884,,Y,Y,Y,Y,Y,N,N,Y,N,Y,Y,N,N,N,N,N,N,N,N,N,N,Y,N,Y,N,N,N,N,N,N
St. Benedict's at White Earth Mission,"White Earth Mission Boarding School, St. Benedict's Mission Boarding School, St. Benedicts Orphan School",,"White Earth, Minnesota",MN,1887,1945,N,Y,Y,Y,Y,N,N,Y,N,Y,Y,N,N,N,N,N,N,N,N,N,N,N,N,N,N,N,N,N,N,N
St. Boniface Indian School,"St. Boniface Industrial, Saint Boniface Mission Boarding School",,"Banning, California",CA,1890,1974,N,Y,Y,Y,Y,N,N,Y,N,Y,Y,N,N,N,N,N,N,N,N,N,N,N,N,N,N,N,N,N,N,N
St. Catherine Indian School,"St. Catherine's Indian School, St. Catherine Industrial School, St. Catherine's Boarding School, St. Catherine's Mission Boarding School, Santa Fe Boarding School",,"Santa Fe, New Mexico",NM,1887,2006,N,Y,Y,Y,Y,N,N,Y,N,N,Y,N,N,N,N,Y,N,N,N,N,N,N,N,N,N,N,N,N,N,N
St. Elizabeth's Boarding School,"St. Elizabeth's Convent, St. Elisabeth's Academy",,"Purcell, Oklahoma",OK,1888,1948,N,Y,Y,Y,Y,N,N,Y,N,Y,Y,N,N,N,N,N,N,N,N,N,N,N,N,N,N,N,N,N,N,N
St. Elizabeth's School,St. Elizabeth's Mission School,,"Wakpala, South Dakota",SD,1886,1967,N,Y,Y,Y,Y,N,N,Y,N,Y,Y,N,N,N,N,N,N,N,N,N,N,N,N,N,N,N,N,N,N,N
St. Francis Indian Mission School,St. Francis Indian School*,,"St Francis, South Dakota",SD,1886,,Y,Y,Y,Y,Y,N,N,Y,N,Y,Y,N,N,N,N,N,N,N,N,N,N,N,N,N,N,N,N,N,N,N
St. Francis Xavier's Industrial School,St. Francis Xavier's Academy,,"Avoca, Minnesota",MN,1884,1900,N,Y,Y,Y,Y,N,N,Y,N,Y,Y,N,N,N,N,N,N,N,N,N,N,N,N,N,N,N,N,N,N,N
St. George Indian Residential School,St. George's Mission School; St. George's Industrial School; St. George's Boarding School; St. George's Catholic Boarding School,,"King County, Washington",WA,1888,1936,N,Y,Y,Y,Y,N,N,Y,N,Y,Y,N,N,N,N,N,N,N,N,N,N,N,N,N,N,N,N,N,N,N
St. George Southern Utah Boarding School,"Shebit School, Southern Utah Boarding School","Shivwits Indian School, Panguitch Boarding School","St. George, Utah",UT,1901,1904,N,Y,Y,Y,Y,Y,N,Y,Y,N,N,N,N,N,N,Y,N,N,N,N,N,N,N,N,N,N,N,N,N,N
St. Ignatius Mission and School,"St. Ignatius Industrial School, Academy of the Holy Family for Young Ladies, Flathead Agency Boy's Boarding, Flathead Agency Girls' Boarding",,"St Ignatius, Montana",MT,1864,1973,N,Y,Y,Y,Y,N,N,Y,Y,Y,Y,N,N,N,N,N,N,N,N,N,N,N,N,N,N,N,N,N,N,N
St. John's Indian Industrial School,"St. John Abbey, College of St. John's, Saint John's University",,"Collegeville, Minnesota",MN,1885,1896,N,Y,Y,Y,Y,N,N,Y,N,N,N,N,N,N,N,N,N,N,N,N,N,Y,N,N,N,N,N,N,N,N
St. John's School for Girls,"St. John's William Welsh Memorial School, St. John's Boarding School, St. John's Mission",Fort Bennett Boarding School,"North Stanley, South Dakota",SD,1889,1902,N,Y,Y,Y,Y,N,N,Y,N,Y,Y,N,N,N,N,N,N,N,N,N,N,N,N,N,N,N,N,N,N,N
St. John's School for Osage Indian Boys,St. John's Boarding,,"Blackburn, Oklahoma",OK,1888,1913,N,Y,Y,Y,Y,N,N,Y,N,Y,Y,N,N,N,N,N,N,N,N,N,N,N,N,N,N,N,N,N,N,N
St. Joseph Industrial School,"Menominee (St. Joseph's), St. Joseph's Boarding, Green Bay",,"Keshena, Wisconsin",MN,1883,1952,N,Y,Y,Y,Y,N,N,Y,N,Y,Y,N,N,N,N,N,N,N,N,N,N,N,N,N,N,N,N,N,N,N
St. Joseph's Boarding School,North Yakima: St. Joseph's Boarding School,,"North Yakima, Washington",WA,1888,1889,N,Y,Y,Y,Y,N,N,Y,N,Y,Y,N,N,N,N,N,N,N,N,N,N,N,N,N,N,N,N,N,N,N
St. Joseph's Indian Normal School,Saint Joseph's College,,"Rensselaer, Indiana",IN,1888,1896,N,Y,Y,Y,Y,N,N,Y,N,Y,Y,N,N,N,N,N,N,N,N,N,N,N,N,N,N,N,N,N,N,N
St. Joseph's Indian School*,,Chamberlain Indian School,"Chamberlain, South Dakota",SD,1927,,Y,Y,Y,Y,Y,N,N,Y,N,N,Y,N,N,N,N,N,N,N,N,N,N,N,N,N,N,N,N,N,N,N
St. Joseph's Mission School,Slickpoo (St. Joseph),,"Culdesac, Idaho",ID,1874,1968,N,Y,Y,Y,Y,N,N,Y,N,N,Y,N,N,N,N,N,N,N,N,N,N,N,N,N,N,N,N,N,N,N
St. Joseph's School,"St. Joseph's Catholic Boarding School, St. Joseph Orphan School, St. Joseph Convent and Academy, St. Joseph's Academy",,"Chickasha, Oklahoma",OK,1899,1940,N,Y,Y,Y,Y,N,N,Y,N,Y,Y,N,N,N,N,N,N,N,N,N,N,N,N,N,N,N,N,N,N,N
St. Labre Indian Mission Boarding School,"St. Labre at Busby, St. Labre Indian School*",,"Ashland, Montana",MT,1884,,Y,Y,Y,Y,Y,N,N,Y,Y,Y,Y,N,N,N,N,N,N,N,N,N,N,N,N,N,N,N,N,N,N,N
St. Louis School for Osage Indian Girls,"St. Louis Academy, St. Louis Boarding, St. Louis's, St. Louis Mission Boarding School",,"Pawhuska, Oklahoma",OK,1887,1949,N,Y,Y,Y,Y,N,N,Y,N,Y,Y,N,N,N,N,N,N,N,N,N,N,N,N,N,N,N,N,N,N,N
St. Mark's Episcopal Mission School,"St. Mark's Church, Skagway",,"Nenana, Alaska",AK,1907,1955,N,Y,Y,Y,Y,N,N,Y,N,N,N,N,N,N,N,N,N,N,N,N,N,N,N,N,N,N,N,N,N,N
St. Mary Mission and School,St. Mary's College; Immaculate Conception Church,Sugar Creek Catholic Mission and School,"St Marys, Kansas",KS,1847,1967,N,Y,Y,Y,Y,N,N,N,N,N,N,N,N,N,N,N,N,N,N,N,N,N,N,N,N,N,N,N,N,N
St. Mary Mission School - Akulurak,"St. Mary Mission, School and Church of the Nativity; St. Joseph's Mission",St. Mary Mission School - Andreafsky,"Akulurak, Alaska",AK,1902,1951,N,Y,Y,Y,Y,N,N,Y,N,N,N,N,N,N,N,N,N,N,N,N,N,N,N,N,N,N,N,N,N,N
St. Mary Mission School - Andreafsky,"St. Mary Mission, School and Church of the Nativity; St. Joseph's Mission",St. Mary Mission School - Akulurak,"Andreafsky , Alaska",AK,1951,1987,N,Y,Y,Y,Y,N,N,Y,N,N,N,N,N,N,N,N,N,N,N,N,N,N,N,N,N,N,N,N,N,N
St. Mary’s Indian Industrial School,"St. Mary School at Turtle Mountain, St. Mary's (Turtle Mountain), Devil's Lake - Turtle Mountain (St. Mary's), St. Mary's Mission Boarding",,"Belcourt, North Dakota",ND,1884,1910,N,Y,Y,Y,Y,N,N,Y,N,Y,Y,N,N,N,N,N,N,N,N,N,N,N,N,N,N,N,N,N,N,N
St. Mary's Mission Boarding and Day School,Red Lake Mission Boarding School,,"Red Lake, Minnesota",MN,1899,1940,N,Y,Y,Y,Y,N,N,Y,Y,Y,Y,N,N,N,N,N,N,N,N,N,N,N,N,N,N,N,N,N,N,N
St. Mary's Mission School,"St. Mary's of the Quapaw, St. Mary's Mission and School in Oklahoma, St. Mary's School for Indians",,"Quapaw, Oklahoma",OK,1893,1928,N,Y,Y,Y,Y,N,N,Y,N,Y,Y,N,N,N,N,N,N,N,N,N,N,N,N,N,N,N,N,N,N,N
St. Mary's Mission School,Paschal Sherman Indian School*,,"Omak, Washington",WA,1886,,Y,Y,Y,Y,Y,Y,N,Y,N,N,Y,N,N,N,N,N,N,N,N,N,N,N,N,N,N,N,N,N,N,N
St. Mary's School for Girls,"St. Mary's Episcopal School for Indian Girls, St. Mary's Mission Boarding",,"Springfield, South Dakota",SD,1895,1932,N,Y,Y,Y,Y,N,N,Y,N,Y,Y,N,N,N,N,N,N,N,N,N,N,N,N,N,N,N,N,N,N,N
St. Mary's Training School for Boys,"Feehanville School, Maryville Academy*",,"Des Plaines, Illinois",IL,1883,,Y,Y,Y,Y,Y,N,N,Y,N,Y,Y,N,N,N,N,N,N,N,N,N,N,N,N,N,N,N,N,N,N,N
St. Michael's Manual Labor School,St. Michael's Mission School,St. Michael's Mission School,"St Michael, North Dakota",ND,1874,1883,N,Y,Y,Y,Y,N,N,Y,N,Y,Y,N,N,N,N,N,N,N,N,N,N,N,N,N,N,N,N,N,N,N
St. Michael's Mission School,"Our Lady of Sorrows Chapel and School, Seven Dolors Mission","Little Flower Mission School, St. Michael's Manual Labor School","Fort Totten, North Dakota",ND,1885,1941,N,Y,Y,Y,Y,N,N,Y,N,Y,Y,N,N,N,N,N,N,N,N,N,N,N,N,N,N,N,N,N,N,N
St. Michael's Mission,The Church of Our Father's House,Mill Creek Elementary School District No. 14,"Ethete, Wyoming",WY,1912,1956,N,Y,Y,Y,Y,N,N,Y,N,Y,Y,N,N,N,N,N,N,N,N,N,N,N,N,N,N,N,N,N,N,N
St. Patrick's Mission and Boarding School,Anadarko Boarding School,,"Anadarko, Oklahoma",OK,1892,1933,N,Y,Y,Y,Y,Y,N,Y,N,Y,Y,N,N,N,,Y,N,N,N,N,N,N,N,N,N,N,N,N,N,N
St. Paul Mission and Boarding School,St. Paul Mission Grade School,,"Hays, Montana",MT,1880,2021,N,Y,Y,Y,Y,N,N,Y,N,N,Y,N,N,N,N,N,N,N,N,N,N,N,N,N,N,N,N,N,N,N
St. Paul's Indian Mission School,"St. Paul's Mission Boarding, St. Paul's Boarding School, Episcopal Mission School, Marty Indian School*",,"Marty, South Dakota",SD,1893,,Y,Y,Y,Y,Y,N,N,Y,Y,Y,Y,N,N,N,N,N,N,N,N,N,N,N,N,N,N,N,N,N,N,N
St. Paul's Industrial School,Clontarf Industrial School,"Morris Industrial School for Indians, Catholic Industrial School of Minnesota","Clontarf, Minnesota",MN,1877,1898,N,Y,Y,Y,Y,N,N,Y,N,N,N,N,N,N,N,N,N,N,N,N,N,N,N,N,N,N,N,N,N,N
St. Peter Mission School,,,"Cascade, Montana",MT,1866,1896,N,Y,Y,Y,Y,N,N,Y,Y,Y,Y,N,N,N,N,N,N,N,N,N,N,N,N,N,N,N,N,N,N,N
St. Regis Seminary,"St. Ferdinand de Florissant, Florissant Mission School, St. Stanislaus Seminary",,"Florissant, Missouri",MO,1818,1971,N,Y,Y,Y,Y,N,N,Y,N,N,Y,N,N,N,N,N,N,N,N,N,N,N,N,N,Y,N,N,N,N,N
St. Stephen's Mission Industrial School,St. Stephens Indian School,,"St. Stephens, Wyoming",WY,1888,,Y,Y,Y,Y,Y,N,N,Y,N,Y,Y,N,N,N,N,N,N,N,N,N,N,N,N,N,N,N,N,N,N,N
St. Turibius Mission Boarding and Day School,Kelseyville: St. Turibius Boarding School,Sulphur Banks Day School,"Kelseyville, California",CA,1888,1905,N,Y,Y,Y,Y,N,N,Y,Y,Y,Y,N,N,N,N,N,N,N,N,N,N,N,N,N,N,N,N,N,N,N
St. Xavier Mission School,Pretty Eagle Catholic Academy*,,"St Xavier, Montana",MT,1887,,Y,Y,Y,Y,Y,N,N,Y,Y,N,N,N,N,N,N,N,N,N,N,N,N,N,N,N,N,N,N,N,N,N
Standing Rock Agency Boarding School,"Standing Rock Indian Industrial School, Standing Rock Industrial Boarding School, Standing Rock Community School",Standing Rock Day School,"Fort Yates, North Dakota",ND,1877,1951,N,Y,Y,Y,Y,Y,N,Y,Y,N,N,N,N,N,N,Y,N,N,N,N,N,N,N,N,N,N,N,N,N,N
Standing Rock Boarding School,"Standing Rock Community School, Tse'ii'ahi' Community School",,"Standing Rock, New Mexico",NM,1935,,Y,Y,Y,Y,Y,N,N,Y,Y,N,N,N,N,N,N,Y,N,N,N,N,N,N,N,N,N,N,N,N,N,N
Steamboat Canyon Boarding and Day School,,,"Ganado, Arizona",AZ,1935,1965,N,Y,Y,Y,Y,Y,N,Y,Y,N,N,N,N,N,N,Y,N,N,N,N,N,N,N,N,N,N,N,N,N,N
Stewart Indian Boarding School,"Stewart Institute, Carson School, Carson Industrial School",,"Carson City, Nevada",NV,1890,1980,N,Y,Y,Y,Y,Y,N,Y,N,N,N,N,N,N,N,N,Y,N,N,N,N,N,N,N,N,N,N,N,N,N
Teec Nos Pos Boarding School,Teecnospos; Teec Nos Pos Day School; T'iis Nasbas Community School*,,"eec Nos Pos, Arizona",AZ,1933,,BIE Operated,Y,Y,Y,Y,Y,N,Y,Y,N,N,N,N,N,N,Y,N,N,N,N,N,N,N,N,N,N,N,N,N,N
Theodore Roosevelt Indian Boarding School,"Theodore Roosevelt Boarding School, Fort Apache School, Theodore Roosevelt School",,"Fort Apache, Arizona",AZ,1923,,"Tribally-Controlled, BIE school",Y,Y,Y,Y,Y,N,Y,Y,N,N,N,N,N,N,N,Y,N,N,N,N,N,N,N,N,N,N,N,N,N
Thomas Indian School,"Gowanda School, Thomas Asylum of Orphan and Destitute Indian Children",,"Irving, New York",NY,1855,1960,N,Y,Y,Y,Y,N,N,Y,N,N,Y,N,N,N,N,N,N,N,N,N,N,N,N,Y,N,Y,N,N,N,N
Thoreau Boarding School,,Baca Boarding and Day School,"Thoreau, New Mexico",NM,1934,2006,N,Y,Y,Y,Y,N,N,Y,Y,N,N,N,N,N,N,Y,N,N,N,N,N,N,N,N,N,N,N,N,N,N
Toadlena Boarding School,"Toadlena Day School, Toadlena Hospital, To'haali' Community School*",,"Toadlena, New Mexico",NM,1911,,Y,Y,Y,Y,Y,N,N,Y,Y,N,N,N,N,N,N,Y,N,N,N,N,N,N,N,N,N,N,N,N,N,N
Tohatchi Boarding and Day School,"Little Water School, Little Water Day School",Chuska/Tohatchi Consolidated School,"Tohatchi, New Mexico",NM,1895,1985,N,Y,Y,Y,Y,N,N,Y,Y,N,N,N,N,N,N,Y,N,N,N,N,N,N,N,N,N,N,N,N,N,N
Tolani Lake School,,,"Tolani Lake, Arizona",AZ,1940,1963,N,Y,Y,Y,Y,Y,N,Y,Y,N,N,N,N,N,N,Y,N,N,N,N,N,N,N,N,N,N,N,N,N,N
Toledo Industrial Boarding School,"Toledo Sanatorium, Sac & Fox Indian Boarding and Mission School, Sac & Fox Sanatorium, Tama School, Tama Sanatorium",,"Toledo, Iowa",IA,1898,1942,N,Y,Y,Y,Y,N,N,Y,N,N,N,N,N,N,N,N,N,N,N,N,N,N,N,N,N,N,N,N,N,N
Tomah Indian Industrial School,Tomah VA Medical Center,,"Tomah, Wisconsin",WI,1893,1941,N,Y,Y,Y,Y,Y,N,Y,N,N,N,N,N,N,N,N,Y,N,N,N,N,N,N,N,N,N,N,N,N,N
Tonasket Boarding School,Okanagan Boarding School,,"Tonasket, Washington",WA,1891,1897,N,Y,Y,Y,Y,Y,N,Y,N,N,N,N,N,N,N,Y,N,N,N,N,N,N,N,N,N,N,N,N,N,N
Tonawanda Mission School,,,"Tonawanda, New York",NY,1827,1845,N,Y,Y,Y,Y,N,N,Y,Y,Y,Y,N,N,N,N,N,N,N,N,N,N,N,N,N,N,N,N,N,N,N
Tongue River Boarding School,"Government School at Busby, Busby Indian School",,"Busby, Montana",MT,1904,1970,N,Y,Y,Y,Y,Y,N,Y,N,N,N,N,N,N,N,N,Y,N,N,N,N,N,N,N,N,N,N,N,N,N
Torreon Community School,"Torreon Day School, Torreon School, Na'Neelzhiin Ji'Olta",,"Torreon, New Mexico",NM,1935,,Y,Y,Y,Y,Y,N,N,Y,Y,N,N,N,N,N,N,Y,N,N,N,N,N,N,N,N,N,N,N,N,N,N
Toyei Boarding School,"Toyei Navajo Schoo, Greasewood/Toyei Consolidated Boarding School",Greasewood Boarding School,"Toyei, Arizona",AZ,1963,1985,N,Y,Y,Y,Y,Y,N,Y,Y,N,N,N,N,N,N,Y,N,N,N,N,N,N,N,N,N,N,N,N,N,N
Trinity College Industrial Indian Boarding School,"Trinity College, Duke University, Trinity College of Liberal Arts and Sciences",,"Durham, North Carolina",NC,1880,1886,N,Y,Y,Y,Y,N,N,Y,N,Y,Y,N,N,N,N,N,N,N,N,N,N,N,N,N,N,N,N,N,N,N
Truxton Canyon School,"Valentine Indian School, Truxton Canyon Boarding School",Hackberry Day School,"Valentine, Arizona",AZ,1901,1937,N,Y,Y,Y,Y,Y,N,Y,Y,N,N,N,N,N,N,N,N,N,N,N,N,N,N,N,N,N,N,N,N,N
Tuba City Boarding School,Western Navajo Indian School; Tuba Vocational Boarding and Day School,Blue Canyon School,"Tuba City, AZ",AZ,1903,,Y,Y,Y,Y,Y,Y,N,Y,Y,N,N,N,N,N,N,Y,N,N,N,N,N,N,N,N,N,N,N,N,N,N
Tucson Indian Training School,"Tucson Industrial Boarding School, Tucson Training and Industrial School, Tucson Presbyterian School",,"Tucson, Arizona",AZ,1888,1960,N,Y,Y,Y,Y,N,N,Y,N,Y,Y,N,N,N,N,N,N,N,N,N,N,N,N,N,N,N,N,N,N,N
Tulalip Indian Industrial School,"Tulalip Training School, Tulalip Industrial Boarding School, Tulalip Agency",Tulalip Mission School,"Tulalip Bay, Washington",WA,1905,1932,N,Y,Y,Y,Y,Y,N,Y,N,N,N,N,N,N,N,Y,N,N,N,N,N,N,N,N,N,N,N,N,N,N
Tulalip Mission School,"St. Anne's Catholic Mission School, Tulalip Mission School of Our Lady of Seven Dolors, Tulalip Boarding School",Tulalip Indian Industrial Boarding School,"Priest's Point, Washington",WA,1857,1902,N,Y,Y,Y,Y,Y,N,Y,N,Y,Y,N,N,N,N,Y,N,N,N,N,N,N,N,N,N,N,N,N,N,N
Tullahassee Boarding School,Tullahassee Mission School; Tullahassee Manual Labor School; Tallahasse Mission Boarding,,"Tullahassee, Oklahoma",OK,1844,1924,N,Y,Y,Y,Y,N,Y,Y,N,N,Y,N,N,N,N,N,N,N,N,N,N,N,N,N,N,N,N,N,N,N
Tuskahoma Female Academy,Tuskahoma Institute; Tushkahoma Female Institute; Tushkahoma Female Academy,,"Lyceum, Oklahoma",OK,1892,1925,N,Y,Y,Y,Y,N,Y,Y,N,N,N,N,N,N,N,N,N,N,N,N,N,N,N,N,N,N,N,N,N,N
Twin Lakes Boarding School,Twin Lakes Elementary School,,"Yah-Ta-Hey, New Mexico",NM,1936,1951,N,Y,Y,Y,Y,N,N,Y,Y,N,N,N,N,N,N,Y,N,N,N,N,N,N,N,N,N,N,N,N,N,N
Uintah Boarding and Day School,"White Rocks Boarding School, Ute Indian Boarding School",,"Whiterocks, Utah",UT,1880,1951,N,Y,Y,Y,Y,Y,N,Y,Y,N,N,N,N,N,N,Y,N,N,N,N,N,N,N,N,N,N,N,N,N,N
Umatilla Boarding and Day School,,,"Pendleton, Oregon",OR,1883,1918,N,Y,Y,Y,Y,Y,N,Y,N,N,N,N,N,N,N,Y,N,N,N,N,N,N,N,N,N,N,N,N,N,N
Ute Mountain Boarding School,"Ute Mountain Indian School, Ute Mountain Day School, Colorado - Ute Mountain, Ute Mountain 1, Colorado Ute - Ute Mountain",Navajo Springs Day School,"Towaoc, Colorado",CO,1907,1942,N,Y,Y,Y,Y,Y,N,Y,Y,N,N,N,N,N,N,Y,N,N,N,N,N,N,N,N,N,N,N,N,N,N
Valley Towns Baptist Mission School,Valley-towns Mission School,,"Valleytown, North Carolina",NC,1827,1836,N,Y,Y,Y,Y,N,N,Y,N,Y,Y,N,N,N,N,N,N,N,N,N,N,N,N,N,N,N,N,N,N,N
Vermillion Lake Indian School,Lake Vermillion Boarding School,,"Tower, Minnesota",MN,1899,1954,N,Y,Y,Y,Y,N,N,Y,N,N,N,N,N,N,N,Y,N,N,N,N,N,N,N,N,N,N,N,N,N,N
Wahpeton Indian School,"Wahpeton School, Wahpeton Indian School, Circle of Nations",,"Wahpeton, North Dakota",ND,1908,,Y,Y,Y,Y,Y,Y,N,Y,N,N,N,N,N,N,N,N,Y,N,N,N,N,N,N,N,N,N,N,N,N,N
Wapanucka Institute,"Wapanucka Academy, Allen Academy, Wahpanucka Institute, Chickasaw Rock Academy, Wapanucka Female Manual Labour School",,"Bromide, Oklahoma",OK,1851,1911,N,Y,Y,Y,Y,N,Y,Y,N,N,Y,N,N,N,N,N,N,N,N,N,N,N,N,N,N,N,N,N,N,N
Warm Springs Boarding and Day School,,,"Warm Springs, Oregon",OR,1884,1951,N,Y,Y,Y,Y,Y,N,Y,Y,N,N,N,N,N,N,Y,N,N,N,N,N,N,N,N,N,N,N,N,N,N
Wealaka Boarding School,,,"Leonard, Oklahoma",OK,1882,1935,N,Y,Y,Y,Y,N,Y,Y,N,N,N,N,N,N,N,N,N,N,N,N,N,N,N,N,N,N,N,N,N,N
Western Shoshone Boarding School,Western Shoshoni School,,"Owyhee, Nevada",NV,1881,1917,N,Y,Y,Y,Y,Y,N,Y,N,N,N,N,N,N,N,Y,N,N,N,N,N,N,N,N,N,N,N,N,N,N
Wetumka Boarding School,"Creek National Boarding School, Levering Manual Labor Boarding",,"Wetumka, Oklahoma",OK,1881,1911,N,Y,Y,Y,Y,N,Y,Y,N,N,Y,N,N,N,N,N,N,N,N,N,N,N,N,N,N,N,N,N,N,N
Wewoka Mission School,Ramsey Mission School,Mekusukey Academy,"Wewoka, Oklahoma",OK,1868,1889,N,Y,Y,Y,Y,N,Y,Y,N,N,Y,N,N,N,N,N,N,N,N,N,N,N,N,N,N,N,N,N,N,N
Wheelock Academy,"Wheelock Female Academy, Wheelock Orphan Academy, Wheelock Female Indian Academy, Wheelock Orphan School (Boys and Girls)",,"Millerton, Oklahoma",OK,1842,1955,N,Y,Y,Y,Y,Y,Y,N,N,N,Y,N,N,N,N,Y,N,N,N,N,N,N,N,N,N,N,N,N,N,N
White Earth Boarding School,"St. Benedict's Mission, St. Benedict's Orphanage",,"White Earth, Minnesota",MN,1871,1919,N,Y,Y,Y,Y,N,N,Y,Y,N,N,N,N,N,N,Y,N,N,N,N,N,N,N,N,N,N,N,N,N,N
White Horse Lake Boarding School,"White Horse, Whitehorse Lake",,"Cuba, New Mexico",NM,1935,1970,N,Y,Y,Y,Y,N,N,Y,Y,N,N,N,N,N,N,Y,N,N,N,N,N,N,N,N,N,N,N,N,N,N
"White Manual Labor Institute, Indiana",White's Indiana Manual Labor Institute,,"Wabash, Indiana",IN,1850,1896,N,Y,Y,Y,Y,N,N,Y,N,Y,Y,N,N,N,N,N,N,N,N,N,N,N,N,N,N,N,N,N,N,N
White Mountain Boarding School,White Mountain Industrial School,,"White Mountain, Alaska",AK,1917,1953,N,Y,Y,Y,Y,N,N,Y,N,N,N,N,N,N,N,N,N,N,N,N,N,N,N,N,N,N,N,N,N,N
White's Manual Labor Institute - Iowa,"Iowa Boys Training School, Iowa Girls Training School, Indian Boarding School, Home and School for Boys and Girls",West Branch Indian Training School,"Houghton, Iowa",IA,1851,1929,N,Y,Y,Y,Y,N,N,Y,N,Y,N,N,N,N,N,N,N,N,N,N,N,N,N,N,N,Y,N,N,N,N
Wide Ruins Boarding School,"Kinteel Olta', Wide Ruins Community School*",,"Wide Ruin, Arizona",AZ,1935,,"Tribally-Controlled, BIE school",Y,Y,Y,Y,N,N,N,Y,N,N,N,N,N,N,N,N,N,N,N,N,N,N,N,N,N,N,N,N,N
Wild Rice River Boarding and Day School,Rice River Boarding and Day School,,"Beaulieu, Minnesota",MN,1884,1915,N,Y,Y,Y,Y,N,N,Y,Y,N,N,N,N,N,N,Y,N,N,N,N,N,N,N,N,N,N,N,N,N,N
William E. Beltz Boarding School,Nome Beltz,,"Nome, Alaska",AK,1966,1973,N,Y,Y,Y,Y,N,N,Y,N,N,N,N,N,N,N,N,N,N,N,N,N,N,N,N,N,N,N,N,N,N
Willow Creek Boarding School,Old Willow Creek Indian School,,"Browning, Montana",MT,1892,1893,N,Y,Y,Y,Y,N,N,Y,Y,N,N,N,N,N,N,N,N,N,N,N,N,N,N,N,N,N,N,N,N,N
Wind River Boarding School,"Wind River Industrial Boarding School, Fort Washakie Boarding School, Shoshone Agency Boarding School, Gravy High, Fort Washakie School District #21",Shoshone-Episcopal Mission Boarding School,"Fort Washakie, Wyoming",WY,1883,1955,N,Y,Y,Y,Y,Y,N,Y,N,N,Y,N,N,N,N,Y,N,N,N,N,N,N,N,N,N,N,N,N,N,N
Winnebago Boarding,,,"Winnebago, Nebraska",NE,1873,1891,N,Y,Y,Y,Y,Y,N,Y,N,N,N,N,N,N,N,N,N,N,N,N,N,N,N,N,N,N,N,N,N,N
Winnebago Mission School,Yellow River School,,"Allamakee County, Iowa",IA,1835,1840,N,Y,Y,Y,Y,N,N,Y,N,N,N,N,N,N,N,N,N,N,N,N,N,N,N,N,N,N,N,N,N,N
Wittenberg Indian School,"Bethany Indian Mission and Industrial School, Eland Junction, Wittenberg Academy",Bethany Mission School - Ingersoll,"Wittenberg, Wisconsin",WI,1883,1955,N,Y,Y,Y,Y,Y,N,Y,N,Y,Y,N,N,N,N,N,Y,N,N,N,N,N,N,N,N,N,N,N,N,N
Wolf Point Mission Boarding and Day School,Wolf Point Day School,,"Wolf Point, Montana",MT,1900,1928,N,Y,Y,Y,Y,N,N,Y,Y,N,N,N,N,N,N,N,N,N,N,N,N,N,N,N,N,N,N,N,N,N
Woody Island Mission and Orphanage,Longwood School,Longwood School,"Aleksashkina, Alaska",AK,1893,1939,N,Y,Y,Y,Y,N,N,N,N,N,N,N,N,N,N,N,N,N,N,N,N,N,N,Y,N,N,N,N,N,N
Longwood School,Woody Island Mission and Orphanage,Woody Island Mission and Orphanage,"Kodiak, Alaska",AK,1937,1939,N,Y,Y,Y,Y,N,N,N,N,N,N,N,N,N,N,N,N,N,N,N,N,N,N,Y,N,N,N,N,N,N
Wrangell Institute,Shoemaker Bay Industrial School,,"Wrangell, Alaska",AK,1932,1975,N,Y,Y,Y,Y,N,N,Y,N,N,N,N,N,N,N,N,N,N,N,N,N,N,N,N,N,N,N,N,N,N
Yainax Indian Boarding School,"Yainax Indian Boarding School for Girls, Yainax Industrial and Day School, Yainax Training School",,"Beatty, Oregon",OR,1882,1916,N,Y,Y,Y,Y,Y,N,Y,Y,N,N,N,N,Y,N,Y,N,N,N,N,N,N,N,N,N,N,N,N,N,N
Yankton Industrial Boarding School,Yankton Agency Boarding School,,"Charles Mix County, South Dakota",SD,1882,1920,N,Y,Y,Y,Y,Y,N,Y,N,N,N,N,N,N,N,Y,N,N,N,N,N,N,N,N,N,N,N,N,N,N
Zoar Mission Boarding School,Menominee (Zoar Mission) School,,"Green Bay Reservation, Wisconsin",WI,1904,1908,N,Y,Y,Y,Y,N,N,Y,N,Y,Y,N,N,N,N,N,N,N,N,N,N,N,N,N,N,N,N,N,N,N
Zuni Boarding School,"Zuni Training School, Zuni Indian School, Zuni Sanatorium, Blackrock Sanatorium School",,"Blackrock, New Mexico",NM,1898,1940,N,Y,Y,Y,Y,N,N,Y,N,N,N,Y,N,N,N,Y,N,N,N,N,N,N,N,N,N,N,N,N,N,N